slug,brand,product_name,category,upc,usda_fdc_id,serving_size,servings_per_package,calories,protein_g,total_fat_g,saturated_fat_g,total_carbs_g,fiber_g,sugars_g,added_sugars_g,sodium_mg,score,grade,protein_density_score,ingredient_quality_score,sugar_load_score,sodium_load_score,fiber_score,saturated_fat_score,last_verified,report_url
vega-vanilla-chai-one-all-in-nutritional-shake-drink-mix-1-6-oz-44-g,Vega,"Vega One All-in-One Nutritional Shake, Vanilla Chai",Protein Powder,838766005386,2466369,1 packet (44 g),,170,20,6,0.502,10,5.98,0.999,,19.8,94,A,100,78,97,100,100,94,2026-05-28,https://labelgrade.com/vega-vanilla-chai-one-all-in-nutritional-shake-drink-mix-1-6-oz-44-g
banza-chickpeas-pasta-penne-8-oz-227-g,Banza,"Chickpeas Pasta, Penne",Pasta by Shape & Type,857183005007,2669985,2 oz dry,,190,13,3.5,0,32,4.98,2,0,44.8,92,A,85,82,96,100,92,100,2026-06-03,https://labelgrade.com/banza-chickpeas-pasta-penne-8-oz-227-g
lightlife-organic-three-grains-tempeh-8-oz-227-g,Lightlife,"Lightlife, Organic Three Grains Tempeh",Other Meats,043454464509,1849931,3 oz,,170,16,5,1,14,5.96,0,,10.1,90,A,79,86,100,100,80,94,2026-06-03,https://labelgrade.com/lightlife-organic-three-grains-tempeh-8-oz-227-g
ascent-cappuccino-native-fuel-protein-powder-blend-whey-1-09-oz-31-g,Ascent,"Ascent Native Fuel Whey Protein, Cappuccino",Protein Powder,815863020252,2474917,1 packet (31 g),,120,25,1,0,2,0.992,1,,40,89,A-,100,78,96,87,52,100,2026-05-28,https://labelgrade.com/ascent-cappuccino-native-fuel-protein-powder-blend-whey-1-09-oz-31-g
barilla-thin-spaghetti-13-25-oz-375-g,Barilla,Thin Spaghetti,Pasta & Noodles,076808534139,2017770,2 oz,,200,7,1.5,0,41,5.99,2,,10.1,89,A-,69,83,96,100,100,100,2026-06-05,https://labelgrade.com/barilla-thin-spaghetti-13-25-oz-375-g
mccanns-quick-and-easy-steel-cut-irish-oatmeal-24-oz-680-g,Mccann'S,"Mccann'S, Quick & Easy Steel Cut Irish Oatmeal",Cereal,072463000583,2056742,0.25 cup,,150,4,2.5,0.5,27,4,1,,0,88,A-,65,88,97,100,100,93,2026-06-05,https://labelgrade.com/mccanns-quick-and-easy-steel-cut-irish-oatmeal-24-oz-680-g
orgain-plant-based-protein-powder-vanilla-1-02-lbs-462-g,Orgain,"Plant Based Protein Powder, Vanilla","Energy, Protein & Muscle Recovery Drinks",851770003889,2488913,2 ROUNDED SCOOPS,,150,20,4,0,13,5.01,0.998,,180,88,A-,100,72,97,60,100,100,2026-06-03,https://labelgrade.com/orgain-plant-based-protein-powder-vanilla-1-02-lbs-462-g
quaker-oats-old-fashioned-42-oz-onz,Quaker,Quaker Old Fashioned Oats,Oats & Hot Cereal,00030000010402,2723877,1/2 cup dry (40 g),,150,5,3,0.5,27,4,1,0,0,88,A-,69,83,97,100,100,93,2026-05-28,https://labelgrade.com/quaker-oats-old-fashioned-42-oz-onz
ratio-fiber-and-protein-vanilla-dairy-snack-5-3-onz,Ratio,:Ratio Fiber And Protein Vanilla Dairy Snack,Yogurt/Yogurt Substitutes,00070470230061,2751827,1 container,,180,20,3.5,1.5,21,10,3,0,90,87,A-,70,82,100,100,77,95,2026-06-03,https://labelgrade.com/ratio-fiber-and-protein-vanilla-dairy-snack-5-3-onz
crazy-richards-creamy-natural-peanut-butter-16-oz-1-lb-453-g,Crazy Richard's,Creamy Natural Peanut Butter,Nut & Seed Butters,074822610631,2383727,2 Tbsp,,180,8,16,2,5,3.01,2,,0,86,A-,88,83,92,100,96,64,2026-06-05,https://labelgrade.com/crazy-richards-creamy-natural-peanut-butter-16-oz-1-lb-453-g
house-foods-tofu-8-oz-226-g,House Foods,House Foods Organic Tofu,Tofu & Plant Protein,076371031103,1851491,3 oz (85 g),,120,14,7,1,2,2.04,1,,0,86,A-,75,86,99,100,47,94,2026-05-28,https://labelgrade.com/house-foods-tofu-8-oz-226-g
catalina-crunch-chocolate-banana-cereal-9-oz-255-g,Catalina Crunch,Catalina Crunch Chocolate Banana Cereal,Cereal,860479001584,2653512,1/2 cup (36 g),,110,11,6,1,14,9,0,0,125,85,A-,96,75,100,64,100,82,2026-05-28,https://labelgrade.com/catalina-crunch-chocolate-banana-cereal-9-oz-255-g
dannon-oikos-triple-zero-blended-nonfat-greek-yogurt-cherry-5-3-oz-150-g,Dannon,"Oikos Triple Zero Blended Nonfat Greek Yogurt, Cherry",Greek Yogurt,036632019912,2619047,1 cup (150 g),,120,15,0,0,14,6,6,,64.5,85,A-,65,83,100,100,58,100,2026-05-28,https://labelgrade.com/dannon-oikos-triple-zero-blended-nonfat-greek-yogurt-cherry-5-3-oz-150-g
goya-black-beans-822-g,Goya,Black Beans,Canned & Bottled Beans,041331023658,1762335,0.5 cup,,100,7,0,0,18,8.05,0,,120,85,A-,59,81,100,100,76,100,2026-06-05,https://labelgrade.com/goya-black-beans-822-g
quaker-instant-oatmeal-11-6-oz,Quaker,"Quaker Instant Oatmeal, 11.6 oz",Cereal,0038527135301,2615466,1/2 Cup (40 g),,160,5,3.5,1,26,4,0,0,0,85,A-,69,78,100,100,100,84,2026-06-05,https://labelgrade.com/quaker-instant-oatmeal-11-6-oz
wonderful-pistachios-6-25-oz-177-g,Wonderful,Wonderful Pistachios (No Salt / In-Shell),Nuts & Seeds,014113910385,2123245,1 oz (30 g) — about 49 kernels,,160,6,14,1.5,8,3,2,0,0,85,A-,80,83,92,100,100,70,2026-05-28,https://labelgrade.com/wonderful-pistachios-6-25-oz-177-g
dannon-oikos-nonfat-greek-yogurt-plain-5-3-oz-150-g,Dannon,"Oikos Nonfat Greek Yogurt, Plain",Greek Yogurt,036632027146,2619049,1 cup (150 g),,79.5,15,0,0,6,0,6,,60,84,B+,65,88,100,100,30,100,2026-05-28,https://labelgrade.com/dannon-oikos-nonfat-greek-yogurt-plain-5-3-oz-150-g
justins-classic-almond-butter-11-5-oz-320-g,Justin's,Classic Almond Butter,Nut & Seed Butters,894455000216,2525632,1 Pack,,190,7,18,2.5,6,3.01,0.998,,0,84,B+,83,83,96,100,96,57,2026-06-05,https://labelgrade.com/justins-classic-almond-butter-11-5-oz-320-g
nasoya-organic-tofu-cubed-super-firm-8-oz-227-g,Nasoya,Organic Tofu Cubed Super Firm,Other Meats,025484000292,2400443,3 oz,,90.1,9,4.5,0.502,3,1.02,1,,5.1,84,B+,66,86,99,100,38,97,2026-06-03,https://labelgrade.com/nasoya-organic-tofu-cubed-super-firm-8-oz-227-g
three-wishes-cocoa-grain-free-cereal-8-6-oz-245-g,Three Wishes,Three Wishes Cocoa Grain-Free Cereal,Cereal,860002152493,2166952,3/4 cup (35 g),,120,8,2,0,18,4,3,3,100,84,B+,84,78,81,68,100,100,2026-05-28,https://labelgrade.com/three-wishes-cocoa-grain-free-cereal-8-6-oz-245-g
aloha-chocolate-chip-cookie-dough-organic-plant-based-protein-bars-9-88-oz-280-g,Aloha,Aloha Chocolate Chip Cookie Dough Plant-Based Protein Bar,"Snack, Energy & Granola Bars",842096152221,2631109,1 bar (56 g),,240,14,11,2.5,25,10,5,4,105,83,B+,88,78,84,81,100,73,2026-05-28,https://labelgrade.com/aloha-chocolate-chip-cookie-dough-organic-plant-based-protein-bars-9-88-oz-280-g
barebells-caramel-cashew-protein-bar-7-76-oz-220-g,Barebells,Barebells Caramel Cashew Protein Bar,"Snack, Energy & Granola Bars",850000429611,2643091,1 bar (55 g),,200,20,8,3,18,3,1,0,80,83,B+,100,71,100,85,68,68,2026-05-28,https://labelgrade.com/barebells-caramel-cashew-protein-bar-7-76-oz-220-g
fage-total-0-nonfat-greek-strained-yogurt,Fage,Fage Total 0% Nonfat Greek Strained Yogurt,Greek Yogurt,00689544083016,2756888,180g,,90,18,0,,5,0,5,,65,83,B+,65,83,100,100,30,100,2026-06-02,https://labelgrade.com/fage-total-0-nonfat-greek-strained-yogurt
friendship-dairies-1-milkfat-small-curd-cottage-cheese,Friendship Dairies,Friendship Dairies 1% Milkfat Small Curd No Salt Added Cottage Cheese,Cottage Cheese,071481025004,2015065,0.5 cup (113 g),,90.4,15,0.994,0.994,5,0,4,,55.4,83,B+,70,82,100,100,30,96,2026-05-28,https://labelgrade.com/friendship-dairies-1-milkfat-small-curd-cottage-cheese
garden-of-life-organic-plant-protein-0-8-oz-23-g,Garden of Life,Garden of Life Organic Plant Protein,Protein Powder,658010118651,2339116,1 packet (23 g),,89.9,15,2,0,3,2,0,,150,83,B+,100,72,100,32,91,100,2026-05-28,https://labelgrade.com/garden-of-life-organic-plant-protein-0-8-oz-23-g
oikos-pro-vanilla-greek-yogurt,Oikos,Oikos Pro Vanilla Greek Yogurt,Greek Yogurt,00036632042552,2755594,150g,,140,20,3,0,8,,3,,45,83,B+,70,78,100,100,30,100,2026-06-02,https://labelgrade.com/oikos-pro-vanilla-greek-yogurt
owyn-elite-pro-chocolate-shakes-11-15-fl-oz,OWYN,OWYN Pro Elite Chocolate Shake,Protein Shakes (Ready-to-Drink),0856461008945,2607302,1 bottle (330 ml),,200,32,6,1,6,6,0,0,323,83,B+,65,81,100,100,43,99,2026-05-28,https://labelgrade.com/owyn-elite-pro-chocolate-shakes-11-15-fl-oz
quest-chocolate-chip-cookie-dough-protein-bar-2-12-oz-60-g,Quest,Quest Chocolate Chip Cookie Dough Protein Bar,"Snack, Energy & Granola Bars",888849000012,2629232,1 bar (60 g),,200,21,9,3,21,14,1,0,200,83,B+,100,70,100,65,100,70,2026-05-28,https://labelgrade.com/quest-chocolate-chip-cookie-dough-protein-bar-2-12-oz-60-g
safe-catch-elite-pure-wild-tuna-5-oz-142-g,Safe Catch,Safe Catch Elite Wild Tuna,Canned Fish,859480006077,2670313,3 oz (85 g),,110,24,1,0,0,0,0,0,300,83,B+,92,80,100,63,30,100,2026-05-28,https://labelgrade.com/safe-catch-elite-pure-wild-tuna-5-oz-142-g
stonyfield-organic-greek-nonfat-yogurt-plain-32-oz,Stonyfield,Stonyfield Organic Greek Nonfat Yogurt Plain - 32 oz,Greek Yogurt,00052159532505,2757843,180g,,90,16,0,0,7,0,5,,65,83,B+,63,86,100,100,30,100,2026-06-02,https://labelgrade.com/stonyfield-organic-greek-nonfat-yogurt-plain-32-oz
wallaby-plain-organic-aussie-greek-lowfat-yogurt-5-3-oz-150-g,Wallaby,"Plain Organic Aussie Greek Lowfat Yogurt, Plain",Greek Yogurt,036632070265,2466229,150g,,100,14,2,1.5,7,0,5,0,55,83,B+,64,91,100,100,30,95,2026-06-04,https://labelgrade.com/wallaby-plain-organic-aussie-greek-lowfat-yogurt-5-3-oz-150-g
wild-planet-no-salt-added-sardines-in-water-4-oz-125-g,Wild Planet,No Salt Added Wild Sardines in Water,Canned Fish,829696000893,1858913,3 oz (85 g),,140,18,8,2.5,0,0,0,0,69.7,83,B+,82,83,100,100,30,80,2026-05-28,https://labelgrade.com/wild-planet-no-salt-added-sardines-in-water-4-oz-125-g
bumble-bee-premium-solid-white-albacore-tuna-in-water,Bumble Bee,Bumble Bee Solid White Albacore Tuna in Water,Canned Tuna,086600000015,2077379,2 oz drained (56 g),,60,13,0,0,0,0,0,,140,82,B+,85,80,100,71,30,100,2026-05-28,https://labelgrade.com/bumble-bee-premium-solid-white-albacore-tuna-in-water
chobani-plain-non-fat-greek-yogurt,Chobani,Chobani Plain Non- Fat Greek Yogurt,Greek Yogurt,00894700010137,2755837,180g,,90,16,0,0,6,,6,,65,82,B+,63,83,100,100,30,100,2026-06-02,https://labelgrade.com/chobani-plain-non-fat-greek-yogurt
dannon-oikos-triple-zero-greek-vanilla-5-3oz-4pk,Dannon,Dannon Oikos Triple Zero Greek Vanilla - 5.3oz / 4pk,Milk/Milk Substitutes,00036632019530,2756948,240g,,90,15,0,0,10,3,5,,65,82,B+,59,83,100,100,39,100,2026-06-02,https://labelgrade.com/dannon-oikos-triple-zero-greek-vanilla-5-3oz-4pk
daves-killer-bread-powerseed-organic-27-oz-765-g,Dave's Killer Bread,Dave's Killer Bread Powerseed Organic Bread,Breads & Buns,013764027091,2490632,1 slice (45 g),,110,5,2,0,18,6,2,0,150,82,B+,67,78,95,65,100,100,2026-05-28,https://labelgrade.com/daves-killer-bread-powerseed-organic-27-oz-765-g
daves-killer-bread-thin-sliced-powerseed-organic-20-5-oz-580-g,Dave's Killer Bread,Dave's Killer Bread Powerseed Thin-Sliced Organic Bread,Breads & Buns,013764027190,2014903,1 slice (28 g),,59.9,3,1,0,11,3,1,,94.9,82,B+,66,78,96,64,100,100,2026-05-28,https://labelgrade.com/daves-killer-bread-thin-sliced-powerseed-organic-20-5-oz-580-g
egg-lands-best-100-liquid-whites-16-oz,Eggland's Best,Eggland's Best 100% Liquid Egg Whites,Eggs & Egg Substitutes,0715141216110,2602751,3 Tbsp (46 g),,25,5,0,0,0,0,0,0,75,82,B+,66,88,100,84,30,100,2026-05-27,https://labelgrade.com/egg-lands-best-100-liquid-whites-16-oz
iconic-vanilla-bean-protein-drink-11-fl-oz-330-ml,Iconic,Iconic Vanilla Bean Protein Drink,Protein Shakes (Ready-to-Drink),853650004467,1964967,1 bottle (11.5 fl oz),,129,20,2.01,0,7.99,3.96,3,,221,82,B+,59,81,100,100,38,100,2026-05-28,https://labelgrade.com/iconic-vanilla-bean-protein-drink-11-fl-oz-330-ml
rxbar-protein-bar-5-8-oz-165-g,RXBAR,RXBAR Protein Bar,"Snack, Energy & Granola Bars",859162007125,2432443,1 bar,,130,7,4,0.5,16,3,10,,65,82,B+,82,83,63,80,94,91,2026-05-27,https://labelgrade.com/rxbar-protein-bar-5-8-oz-165-g
too-good-and-co-two-blueberry-greek-lowfat-yogurt-21-2-onz,Too Good & Co.,Two Good Blueberry Greek Lowfat Yogurt,Greek Yogurt,00036632039385,2745019,1 cup (150 g),,79.5,12,2,1,3,0,2,0,25.5,82,B+,62,83,100,100,30,97,2026-05-28,https://labelgrade.com/too-good-and-co-two-blueberry-greek-lowfat-yogurt-21-2-onz
wild-planet-albacore-tuna-3-oz-85-g,Wild Planet,Albacore Wild Tuna,Canned Fish,829696000732,2663472,3 oz (85 g),,120,21,4,1,0,0,0,,230,82,B+,87,80,100,70,30,94,2026-05-28,https://labelgrade.com/wild-planet-albacore-tuna-3-oz-85-g
wild-planet-pink-salmon-6-oz-170-g,Wild Planet,Wild Pink Salmon,Canned Seafood,829696000473,1857109,3 oz (85g),,90.1,18,2,0,0,0,0,0,200,82,B+,82,80,100,72,30,100,2026-06-03,https://labelgrade.com/wild-planet-pink-salmon-6-oz-170-g
365-everyday-value-organic-creamy-peanut-butter-18-oz-510-g,365 Everyday Value,Organic Creamy Peanut Butter,Nut & Seed Butters,099482420246,2008416,2 Tbsp,,210,7,17,3,7,1.98,2,,0,81,B+,83,86,92,100,73,51,2026-06-05,https://labelgrade.com/365-everyday-value-organic-creamy-peanut-butter-18-oz-510-g
amys-medium-organic-chili-14-7-oz-416-g,Amy's,Medium Organic Chili,Canned & Bottled Beans,042272005871,2412848,1 can,,320,18,9.98,0.998,40,9.15,3.99,,312,81,B+,56,81,99,100,45,99,2026-06-05,https://labelgrade.com/amys-medium-organic-chili-14-7-oz-416-g
birds-eye-steamfresh-broccoli-florets-10-8-onz,Birds Eye,Steamfresh Broccoli Florets,Frozen Vegetables,00014500021830,2755023,1 1/3 cups (83g) frozen,,29.9,2,0,0,4,1.99,0.996,0,19.9,81,B+,54,83,99,100,47,100,2026-06-06,https://labelgrade.com/birds-eye-steamfresh-broccoli-florets-10-8-onz
chobani-zero-sugar-vanilla-greek-yogurt,Chobani,Chobani Zero Sugar Vanilla Greek Yogurt,Greek Yogurt,00818290018571,2755650,180g,,70,13,0,0,6,1,0,0,70,81,B+,61,78,100,100,34,100,2026-06-02,https://labelgrade.com/chobani-zero-sugar-vanilla-greek-yogurt
fairlife-core-power-elite-42g-protein-shake-chocolate-14-fl-oz,Fairlife,Fairlife Core Power Elite 42g Protein Shake (Chocolate),Protein Shakes (Ready-to-Drink),049000553604,2668980,1 bottle (414 ml),,232,42,3.5,2,9,2,7,0,261,81,B+,65,77,100,100,33,98,2026-05-28,https://labelgrade.com/fairlife-core-power-elite-42g-protein-shake-chocolate-14-fl-oz
guerrero-corn-tortillas-30-count-25-oz,Guerrero,White Corn Tortillas,Tortillas & Wraps,0048564060023,2596984,2 tortillas (47g),,100,2,1,0,21,2.02,2,0,20.2,81,B+,56,77,95,100,60,100,2026-06-05,https://labelgrade.com/guerrero-corn-tortillas-30-count-25-oz
kodiak-cakes-buttermilk-flapjack-and-waffle-mix-power-4-5-lb-2-04-kg,Kodiak Cakes,"Buttermilk Flapjack & Waffle Mix Power Cakes, Buttermilk","Cake, Cookie & Cupcake Mixes",705599011610,2063490,1/2 cup,,190,14,2,0,30,4.98,3,2.01,380,81,B+,90,77,92,29,96,100,2026-06-03,https://labelgrade.com/kodiak-cakes-buttermilk-flapjack-and-waffle-mix-power-4-5-lb-2-04-kg
orgain-organic-grass-fed-protein-26g-shake-creamy-chocolate-168-fl-oz-1-31-gal-4-97-l,Orgain,"Organic Grass-Fed Protein 26g Shake, Creamy Chocolate, Creamy Chocolate","Energy, Protein & Muscle Recovery Drinks",851770006255,2640579,1 Bottle,,161,26,4.02,0.994,15,2.07,,0,248,81,B+,59,81,100,100,33,99,2026-06-03,https://labelgrade.com/orgain-organic-grass-fed-protein-26g-shake-creamy-chocolate-168-fl-oz-1-31-gal-4-97-l
pure-protein-bar-chocolate-deluxe-1-76-oz-50-g,Pure Protein,Pure Protein Chocolate Deluxe Bar,"Snack, Energy & Granola Bars",749826126517,2666605,1 bar (50 g),,180,21,4.5,3,17,2,3,1,85,81,B+,100,70,96,83,58,65,2026-05-28,https://labelgrade.com/pure-protein-bar-chocolate-deluxe-1-76-oz-50-g
siggis-icelandic-skyr-nonfat-yogurt-peach-5-3-oz,Siggi's,Siggi's Peach Nonfat Icelandic Skyr,Greek Yogurt / Skyr,00898248001114,2755546,1 cup (150 g),,110,14,0,0,13,0,8,5,40,81,B+,73,80,80,100,30,100,2026-05-28,https://labelgrade.com/siggis-icelandic-skyr-nonfat-yogurt-peach-5-3-oz
skinnypop-skinny-pop-popcorn-pack-5-2-oz-147-g,SkinnyPop,SkinnyPop Original Popcorn (Snack Pack),Popcorn & Puffed Snacks,850251004797,1877548,1 bag (18 g),,100,2,6,0.5,9,2,0,,45,81,B+,67,80,100,71,100,82,2026-05-28,https://labelgrade.com/skinnypop-skinny-pop-popcorn-pack-5-2-oz-147-g
wild-planet-sardines-fillets-in-extra-virgin-olive-oil-4-25-oz-120-g,Wild Planet,Wild Sardines in Extra Virgin Olive Oil,Canned Seafood,829696001708,1917574,3 oz,,190,21,12,2,0,0,0,0,200,81,B+,87,83,100,72,30,85,2026-06-05,https://labelgrade.com/wild-planet-sardines-fillets-in-extra-virgin-olive-oil-4-25-oz-120-g
yoplait-greek-100-protein-strawberry-fat-free-yogurt-5-3-onz,Yoplait,Yoplait Greek 100 Strawberry Fat Free Yogurt,Greek Yogurt,00070470433325,2737535,1 container (150 g),,100,14,0,0,11,0,7,1.95,55.5,81,B+,64,80,92,100,30,100,2026-05-28,https://labelgrade.com/yoplait-greek-100-protein-strawberry-fat-free-yogurt-5-3-onz
yoplait-protein-vanilla-yogurt-5-6-onz,Yoplait,Yoplait Protein Vanilla Yogurt,Yogurt/Yogurt Substitutes,00070470217918,2740421,1 container,,100,15,1.5,1,4.99,0,3,0,49.3,81,B+,64,80,100,100,30,97,2026-06-03,https://labelgrade.com/yoplait-protein-vanilla-yogurt-5-6-onz
bens-original-ready-rice-long-grain-white-8-oz-pouch,Ben's Original,Ready Rice Long Grain White,Rice & Grain Sides,0054800423330,2597133,140GRM,,200,4,3,0,39,0.98,0,0,0,80,B+,54,78,100,100,35,100,2026-06-06,https://labelgrade.com/bens-original-ready-rice-long-grain-white-8-oz-pouch
bumble-bee-chunk-light-tuna-in-water-7-oz-198-g,Bumble Bee,Bumble Bee Chunk Light Tuna in Water,Canned Tuna,086600230740,2489650,2 oz drained (56 g),,50,11,0,0,0,0,,,180,80,B+,79,80,100,66,30,100,2026-05-28,https://labelgrade.com/bumble-bee-chunk-light-tuna-in-water-7-oz-198-g
chicken-of-the-sea-pink-salmon-142-g-5-oz,Chicken Of The Sea,"Chicken Of The Sea, Pink Salmon",Canned Seafood,048000011978,2678597,56GRM,,59.9,10,1.5,0,0,0,0,,180,80,B+,77,80,100,66,30,100,2026-06-03,https://labelgrade.com/chicken-of-the-sea-pink-salmon-142-g-5-oz
dannon-light-fit-greek-nonfat-yogurt,Dannon,Dannon Light + Fit Greek Nonfat Yogurt,Greek Yogurt,00036632037367,2756921,150g,,80,12,0,0,8,0,7,2,45,80,B+,62,80,92,100,30,100,2026-06-04,https://labelgrade.com/dannon-light-fit-greek-nonfat-yogurt
daring-original-pieces-8-oz-227-g,Daring,Original Plant-Based Chicken Pieces,Plant-Based Meat,860003055021,1991315,2.5 oz,,90.3,13.6,1.75,0.28,1.26,3.71,0,0,315,80,B+,79,75,100,51,67,98,2026-06-05,https://labelgrade.com/daring-original-pieces-8-oz-227-g
dymatize-iso100-hydrolyzed-100-whey-protein-isolate-powder-chocolate-peanut-butter-49-oz-3-lb-1-4-kg,Dymatize,"ISO100 Hydrolyzed 100% Whey Protein Isolate, Chocolate Peanut Butter",Protein Powder,705016353354,2452284,1 scoop (32 g),,120,25,0.499,0,2,0,0.998,,160,80,B+,100,70,96,47,30,100,2026-05-28,https://labelgrade.com/dymatize-iso100-hydrolyzed-100-whey-protein-isolate-powder-chocolate-peanut-butter-49-oz-3-lb-1-4-kg
ensure-max-protein-nutrition-shake-milk-chocolate,Ensure,"Max Protein Nutrition Shake, Milk Chocolate",Protein Shakes (Ready-to-Drink),070074668987,1838189,1 bottle (11 fl oz / 330 ml),,150,30,1.5,0.5,7,4,1,0,250,80,B+,64,68,100,100,38,99,2026-05-31,https://labelgrade.com/ensure-max-protein-nutrition-shake-milk-chocolate
fairlife-lactose-free-2-milk-52-fl-oz,Fairlife,Fairlife Lactose-Free 2% Ultra-Filtered Milk,Milk/Milk Substitutes,00856312002771,2756829,1 cup (240 ml),,120,13,4.5,3,6,0,6,0,120,80,B+,58,83,100,100,30,93,2026-05-31,https://labelgrade.com/fairlife-lactose-free-2-milk-52-fl-oz
fairlife-milk-ultra-filtered,Fairlife,Fairlife Ultra-Filtered Milk,Milk/Milk Substitutes,00811620021418,2757397,1 cup (240 ml),,120,13,4.5,3,6,0,6,0,120,80,B+,58,83,100,100,30,93,2026-06-02,https://labelgrade.com/fairlife-milk-ultra-filtered
horizon-organic-dha-omega-3-milk-0-5gal,Horizon Organic,Horizon Organic DHA Omega-3 Whole Milk,Milk/Milk Substitutes,00742365264979,2757696,1 cup (240 mL),,160,8,8,5,13,0,12,0,135,80,B+,55,91,100,100,30,87,2026-05-31,https://labelgrade.com/horizon-organic-dha-omega-3-milk-0-5gal
light-fit-dannon-5-3-onz,Dannon,Dannon Light + Fit Nonfat Yogurt,Yogurt,00036632040787,2746331,1 cup (150 g),,79.5,12,0,0,9,0,7,3,45,80,B+,62,80,88,100,30,100,2026-05-28,https://labelgrade.com/light-fit-dannon-5-3-onz
magic-spoon-fruity-grain-free-cereal-7-oz-198-g,Magic Spoon,Magic Spoon Fruity Grain-Free Cereal,Cereal,850002887440,2374897,About 1 cup (38 g),,150,13,8,1,15,1,0,0,160,80,B+,100,75,100,53,48,83,2026-05-28,https://labelgrade.com/magic-spoon-fruity-grain-free-cereal-7-oz-198-g
muscle-milk-lean-protein-powder-vanilla-creme-1-94-oz-55-g,Muscle Milk,"Muscle Milk Lean Muscle Protein Powder, Vanilla Crème",Protein Powder,660726516164,1934219,1 packet (55 g),,240,25,9,3,15,3.02,3,,125,80,B+,100,65,99,73,68,68,2026-05-28,https://labelgrade.com/muscle-milk-lean-protein-powder-vanilla-creme-1-94-oz-55-g
muscle-milk-non-dairy-protein-shake-chocolate-44-fl-oz-1-32-l,Muscle Milk,"Muscle Milk, Non Dairy Protein Shake, Chocolate","Energy, Protein & Muscle Recovery Drinks",876063007641,2628921,1 CARTON,,158,20,3.99,0.99,12,0.99,10,,129,80,B+,59,75,100,100,32,99,2026-06-03,https://labelgrade.com/muscle-milk-non-dairy-protein-shake-chocolate-44-fl-oz-1-32-l
muscle-milk-pro-series-protein-powder-knockout-chocolate,Muscle Milk,"Muscle Milk Pro Series Protein Powder, Knockout Chocolate",Protein Powder,660726534212,2114497,2 scoops (53 g),,210,32,3.5,1.5,12,1.01,2,,130,80,B+,100,65,100,72,43,81,2026-05-28,https://labelgrade.com/muscle-milk-pro-series-protein-powder-knockout-chocolate
optimum-nutrition-gold-standard-100-whey-shake-vanilla-11-fl-oz,Optimum Nutrition,Optimum Nutrition Gold Standard 100% Whey Vanilla Shake,Protein Shakes (Ready-to-Drink),748927064100,1991469,1 carton (325 ml),,150,24,3.5,1.5,6,1,2,0,299,80,B+,61,74,99,100,32,98,2026-05-28,https://labelgrade.com/optimum-nutrition-gold-standard-100-whey-shake-vanilla-11-fl-oz
optimum-nutrition-gold-standard-protein-shake-1-03-gal-3-9-l,Optimum Nutrition,Optimum Nutrition Gold Standard Protein Shake (Chocolate),Protein Shakes (Ready-to-Drink),748927968200,2478917,1 carton (11 fl oz / 325 ml),,140,24,2.99,0.488,4,0.975,1.01,,211,80,B+,61,76,100,100,32,99,2026-05-28,https://labelgrade.com/optimum-nutrition-gold-standard-protein-shake-1-03-gal-3-9-l
premier-protein-high-30g-shake-bananas-and-cream-11-5-fl-oz-340-ml,Premier Protein,Premier Protein 30g Shake (Bananas & Cream),Protein Shakes (Ready-to-Drink),643843717850,2626567,1 shake (340 ml),,159,30,3,0.5,4,1,1,0,242,80,B+,63,71,100,100,32,99,2026-05-28,https://labelgrade.com/premier-protein-high-30g-shake-bananas-and-cream-11-5-fl-oz-340-ml
premier-protein-vanilla-high-shake-11-5-fl-oz,Premier Protein,Premier Protein Vanilla High Protein Shake,Protein Shakes (Ready-to-Drink),0643843717041,2622652,1 shake (11.5 fl oz / 345 mL),,159,30,3,0.5,4,1,1,0,231,80,B+,63,71,100,100,32,99,2026-05-27,https://labelgrade.com/premier-protein-vanilla-high-shake-11-5-fl-oz
quaker-oats-honey-raisins-and-almonds-simply-granola-24-1-oz,Quaker,"Simply Granola (Oats, Honey, Raisins & Almonds)",Cereal,0030000572436,2595406,2/3  cup (68g),,270,7,7,1,51,7,16,8.98,34.7,80,B+,65,75,64,100,100,91,2026-06-05,https://labelgrade.com/quaker-oats-honey-raisins-and-almonds-simply-granola-24-1-oz
quest-protein-chips-sea-salt-1-125-oz-32-g,Quest,Quest Protein Chips Sea Salt,"Chips, Pretzels & Snacks",888849000258,1879658,1 bag (32 g / 1.125 oz),,120,21,1.5,0,5,0,0,0,190,80,B+,100,75,100,40,30,100,2026-05-27,https://labelgrade.com/quest-protein-chips-sea-salt-1-125-oz-32-g
quest-vanilla-protein-shake-11-fl-oz-325-ml,Quest,Quest Vanilla Protein Shake,Plant Based Milk,888849008117,2339950,1 shake (11 fl oz / 325 mL),,159,30,3,0,3,0,1,0,250,80,B+,64,72,100,100,30,100,2026-05-27,https://labelgrade.com/quest-vanilla-protein-shake-11-fl-oz-325-ml
starkist-albacore-white-tuna-in-water,StarKist,StarKist Solid White Albacore Tuna in Water,Canned Fish,080000517203,2035415,1 pouch (74 g),,79.9,16,1.5,0.503,0,0,,,240,80,B+,82,80,100,65,30,97,2026-05-28,https://labelgrade.com/starkist-albacore-white-tuna-in-water
two-good-lowfat-vanilla-greek-yogurt,Two Good,Two Good Lowfat Vanilla Greek Yogurt,Greek Yogurt,00036632039200,2757425,180g,,90,13,2,1.5,4,0,2,,40,80,B+,61,78,100,100,30,96,2026-06-02,https://labelgrade.com/two-good-lowfat-vanilla-greek-yogurt
yoplait-greek-100-protein-blueberry-fat-free-yogurt-5-3-onz,Yoplait,Greek 100 Protein Blueberry Fat Free Yogurt,Greek Yogurt,00070470455785,2717929,1 container (150 g),,101,14.4,0.245,0.083,10.3,0,6.5,2.04,54.6,80,B+,64,77,92,100,30,100,2026-05-28,https://labelgrade.com/yoplait-greek-100-protein-blueberry-fat-free-yogurt-5-3-onz
yoplait-greek-100-protein-peach-fat-free-yogurt-5-3-onz,Yoplait,Yoplait Greek 100 Peach Fat Free Yogurt,Greek Yogurt,00070470433332,2737534,1 container (150 g),,100,14,0,0,11,0,7,1.95,55.5,80,B+,64,77,92,100,30,100,2026-05-28,https://labelgrade.com/yoplait-greek-100-protein-peach-fat-free-yogurt-5-3-onz
atkins-lift-protein-drink-berry-naturally-flavored-1-58-gal-6-l,Atkins,"Atkins Lift Protein Drink, Berry","Energy, Protein & Muscle Recovery Drinks",637480062220,2543253,1 bottle (16.9 fl oz / 500 ml),,91.3,20,0,,1.98,,,,40.6,79,B,56,75,100,100,30,100,2026-05-28,https://labelgrade.com/atkins-lift-protein-drink-berry-naturally-flavored-1-58-gal-6-l
beyond-meat-chicken-grilled-strips,Beyond Meat,Beyond Chicken-Free Grilled Strips,Frozen Appetizers & Hors D'oeuvres,852629004033,2031061,3 oz (85 g),,120,20,3,0,5,2,0,0,350,79,B,85,68,100,54,47,100,2026-05-28,https://labelgrade.com/beyond-meat-chicken-grilled-strips
egg-beaters-liquid-eggs-12-onz,Egg Beaters,Egg Beaters Liquid Eggs,Eggs & Egg Substitutes,00029000002159,2518353,3 tbsp (46g),,24.8,5,0,0,0.998,0,0,,90.2,79,B,66,77,100,80,30,100,2026-06-03,https://labelgrade.com/egg-beaters-liquid-eggs-12-onz
goya-chick-peas-garbanzos-15-5-oz-439-g,Goya,Chick Peas (Garbanzos),Canned & Bottled Beans,041331124225,1869001,0.5 cup,,100,6,2,0,20,6.95,1,,360,79,B,57,80,99,68,70,100,2026-06-05,https://labelgrade.com/goya-chick-peas-garbanzos-15-5-oz-439-g
kashi-go-cereal-13-1oz-1-onz,Kashi,Kashi GO Honey Almond Flax Cereal,Cereal,00018627703211,2721676,1 1/4 cup (58 g),,178,11,2,0,41,13,8,8,172,79,B,80,72,68,68,100,97,2026-05-28,https://labelgrade.com/kashi-go-cereal-13-1oz-1-onz
kellogg-company-us-kashi-golean-cereal-original-15-8oz,Kellogg Company Us,Kashi Golean Cereal Original 15.8oz,Cereal,00018627105152,760154,3/4 Cup,,195,8.85,3.13,0.424,37.8,7.68,12.7,,98.6,79,B,75,80,47,81,100,96,2026-06-03,https://labelgrade.com/kellogg-company-us-kashi-golean-cereal-original-15-8oz
kodiak-cakes-maple-and-brown-sugar-oatmeal-10-58-oz-300-g,Kodiak Cakes,"Maple & Brown Sugar Oatmeal, Maple & Brown Sugar",Cereal,705599014147,2665655,1 Packet,,190,12,2.5,0,31,3,10,10,160,79,B,86,80,56,66,72,100,2026-06-03,https://labelgrade.com/kodiak-cakes-maple-and-brown-sugar-oatmeal-10-58-oz-300-g
maranatha-creamy-almond-butter-12-oz-340-g,MaraNatha,Creamy Almond Butter,Nut & Seed Butters,011213185002,1867208,2 Tbsp,,190,6,16,2,7,3.01,3,,60.2,79,B,78,86,79,81,96,64,2026-06-05,https://labelgrade.com/maranatha-creamy-almond-butter-12-oz-340-g
planters-mixed-nuts-10-3-oz,Planters,Planters Mixed Nuts (Salted),Nuts & Seeds,0029000016651,2614901,1 oz (28 g / about 32 pieces),,170,6,15,1.5,6,3,1,0,89.9,79,B,82,75,96,66,100,68,2026-05-28,https://labelgrade.com/planters-mixed-nuts-10-3-oz
ripple-unsweetened-nutritious-plant-based-milk-original-12-fl-oz-355-ml,Ripple,Ripple Unsweetened Original Plant-Based Milk,Plant Based Milk,855643006014,2287768,1 cup (240 ml),,70,8,4,0.5,0,0,0,0,120,79,B,55,75,100,100,30,99,2026-05-31,https://labelgrade.com/ripple-unsweetened-nutritious-plant-based-milk-original-12-fl-oz-355-ml
starkist-chunk-light-tuna-in-water,StarKist,StarKist Chunk Light Tuna In Water,Canned Tuna,080000221209,2035496,2 oz (56 g),,60,13,0.5,0,0,0,0,0,250,79,B,85,80,100,51,30,100,2026-05-27,https://labelgrade.com/starkist-chunk-light-tuna-in-water
tropicana-orange-juice-59-fl-oz-1-8-quart-75-l,Tropicana,Pure Premium Orange Juice,Juice,048500309223,2501658,8 fl oz,,110,1.99,0,0,26,0,22,,0,79,B,51,88,89,100,30,100,2026-06-06,https://labelgrade.com/tropicana-orange-juice-59-fl-oz-1-8-quart-75-l
atkins-creamy-chocolate-shake-44-fl-oz-1-3-l,Atkins,Atkins Creamy Chocolate Shake,"Energy, Protein & Muscle Recovery Drinks",637480064422,2289466,1 bottle (11 fl oz / 325 ml),,140,10,9,2.99,10,7.15,0,,299,78,B,55,69,100,100,45,95,2026-05-28,https://labelgrade.com/atkins-creamy-chocolate-shake-44-fl-oz-1-3-l
beach-cliff-sardines-in-soybean-oil-11-25-oz-318-g,Beach Cliff,Sardines in Soybean Oil,Canned Seafood,020100400111,2077225,84 g,,150,17,9,2,0,0,0,,240,78,B,80,80,100,68,30,85,2026-06-05,https://labelgrade.com/beach-cliff-sardines-in-soybean-oil-11-25-oz-318-g
chobani-less-sugar-madagascar-vanilla-and-cinnamon-greek-yogurt,Chobani,Chobani Less Sugar Madagascar Vanilla & Cinnamon Greek Yogurt,Greek Yogurt,00818290011930,2757396,150g,,120,12,3,1.5,10,0,9,5,55,78,B,62,83,80,100,30,95,2026-06-04,https://labelgrade.com/chobani-less-sugar-madagascar-vanilla-and-cinnamon-greek-yogurt
chobani-less-sugar-wild-blueberry-greek-yogurt-5-3-oz,Chobani,Chobani Less Sugar Wild Blueberry Greek Yogurt,Greek Yogurt,00818290011480,2756859,150g,,180,18,4.5,2.25,16.5,1.5,13.5,,97.5,78,B,68,80,76,100,37,91,2026-05-28,https://labelgrade.com/chobani-less-sugar-wild-blueberry-greek-yogurt-5-3-oz
egglands-best-inc-large-eggs,Eggland's Best,Eggland's Best Large Eggs,Eggs & Egg Substitutes,715141503494,578450,1 egg (50 g),,60,6,4,1,0,,,,65,78,B,68,78,100,87,30,88,2026-05-28,https://labelgrade.com/egglands-best-inc-large-eggs
fage-total-5-greek-strained-yogurt,Fage,Fage Total 5% Greek Strained Yogurt,Greek Yogurt,00689544080602,2756936,170 g (3/4 cup),,160,15,9,6,5,0,5,0,60,78,B,63,83,100,100,30,77,2026-05-31,https://labelgrade.com/fage-total-5-greek-strained-yogurt
fage-total-greek-yogurt-2-strawberry-5-3-oz,Fage,Fage Total 2% Strawberry Greek Yogurt,Greek Yogurt,00689544081463,2756927,1 cup (150 g),,180,18,3.75,2.25,19.5,,10.5,,67.5,78,B,68,75,88,100,30,91,2026-05-28,https://labelgrade.com/fage-total-greek-yogurt-2-strawberry-5-3-oz
goya-prime-premium-pinto-beans-15-5-oz,Goya,Premium Pinto Beans,Canned & Bottled Beans,0041331124379,2596430,1/2 cup (126g),,120,7.01,0,0,21,5.04,0.995,0,340,78,B,58,80,99,70,58,100,2026-06-05,https://labelgrade.com/goya-prime-premium-pinto-beans-15-5-oz
green-giant-whole-kernel-sweet-corn-15-25-oz,Green Giant,Whole Kernel Sweet Corn,Canned Vegetables,0020000103907,2526958,121GRM,,79.9,2,0.496,0,18,0.968,5,0.968,129,78,B,53,83,96,89,36,100,2026-06-05,https://labelgrade.com/green-giant-whole-kernel-sweet-corn-15-25-oz
hunts-diced-tomatoes-58-onz,Hunt's,Diced Tomatoes,Canned Vegetables,00027000181799,2769539,1/2 cup (121g),,30.2,1,0,0,6,2.06,3,0,200,78,B,51,83,97,83,42,100,2026-06-05,https://labelgrade.com/hunts-diced-tomatoes-58-onz
icelandic-provisions-skyr-vanilla-yogurt,Icelandic Provisions,Icelandic Provisions Skyr Vanilla Yogurt,Milk/Milk Substitutes,00854074006020,2756794,150g,,195,22.5,3,1.5,19.5,0,13.5,,75,78,B,73,75,76,100,30,95,2026-06-03,https://labelgrade.com/icelandic-provisions-skyr-vanilla-yogurt
kelloggs-special-k-cereal-protein-plus-19oz,Kellogg'S,Kellogg'S Special K Cereal Protein Plus 19oz,Cereal,00038000143670,2518898,1 1/3 Cup,,212,15.4,1.42,0.295,38.6,4.72,8.08,7.85,258,78,B,89,70,69,52,86,98,2026-06-03,https://labelgrade.com/kelloggs-special-k-cereal-protein-plus-19oz
lactaid-100-lactose-free-whole-milk,Lactaid,Lactaid 100% Lactose Free Whole Milk,Milk/Milk Substitutes,00041383090363,2756898,1 cup (240 ml),,160,8,8,5,13,0,12,0,125,78,B,55,83,100,100,30,87,2026-05-31,https://labelgrade.com/lactaid-100-lactose-free-whole-milk
planters-cocktail-peanuts-20-oz-567-g,Planters,Cocktail Peanuts,Nuts & Seeds,029000019218,2087596,1 oz,,170,7,14,2,5,1.99,1,,94.9,78,B,88,80,96,64,80,59,2026-06-05,https://labelgrade.com/planters-cocktail-peanuts-20-oz-567-g
think-brownie-crunch-high-protein-bar-2-1-oz-60-g,Think!,"Brownie Crunch High Protein Bar, Brownie Crunch","Snack, Energy & Granola Bars",753656701271,2608367,1 Bar,,230,20,8,3,23,1.02,0,0,190,78,B,100,68,100,66,42,70,2026-06-03,https://labelgrade.com/think-brownie-crunch-high-protein-bar-2-1-oz-60-g
amys-black-bean-vegetable-enchilada-9-5-oz-269-g,Amy's,Amy's Black Bean Vegetable Enchilada,Frozen Dinners & Entrees,042272000814,2673147,1 tray (269 g),,331,10,12,1.51,45,5.92,4.01,0,791,77,B,56,85,98,68,45,97,2026-05-28,https://labelgrade.com/amys-black-bean-vegetable-enchilada-9-5-oz-269-g
bumble-bee-premium-wild-pink-salmon,Bumble Bee,Premium Wild Pink Salmon,Canned Seafood,086600000732,2077478,2.2 oz,,80,13,3,1,0,0,0,,270,77,B,81,80,100,53,30,91,2026-06-05,https://labelgrade.com/bumble-bee-premium-wild-pink-salmon
bushs-best-pinto-beans-111-oz-onz,Bush's Best,Pinto Beans,Canned & Bottled Beans,00039400018186,2769769,1/2 cup,,110,6.99,0,0,20,4.94,1,0,430,77,B,58,80,99,65,57,100,2026-06-05,https://labelgrade.com/bushs-best-pinto-beans-111-oz-onz
califia-farms-unsweetened-almond-milk,Califia Farms,Califia Farms Unsweetened Almond Milk,Plant Based Milk,00813636021659,2757613,1 cup (240 ml),,84,2.4,7.2,0,2.4,2.4,0,,384,77,B,52,78,100,84,37,100,2026-05-28,https://labelgrade.com/califia-farms-unsweetened-almond-milk
daisy-cottage-cheese-2-milkfat-low-fat,Daisy,Daisy 2% Low Fat Cottage Cheese,Cottage Cheese,00073420516208,2757648,1/2 cup (120 g),,108,15.6,2.4,1.8,6,0,4.8,0,432,77,B,70,85,100,63,30,91,2026-05-28,https://labelgrade.com/daisy-cottage-cheese-2-milkfat-low-fat
del-monte-fresh-cut-sweet-peas-15-oz-425-g,Del Monte,Fresh Cut Sweet Peas,Canned Vegetables,024000565154,2658675,0.5 cup,,80,4,0,0,15,4,5,,190,77,B,55,83,80,85,52,100,2026-06-05,https://labelgrade.com/del-monte-fresh-cut-sweet-peas-15-oz-425-g
field-roast-smoked-apple-and-sage-plant-based-sausages,Field Roast,Field Roast Smoked Apple & Sage Plant-Based Sausages,Plant-Based Sausages,0638031612178,2602023,1 sausage (92 g),,220,23,8,0.497,16,0,4,0,560,77,B,88,82,95,35,30,97,2026-05-28,https://labelgrade.com/field-roast-smoked-apple-and-sage-plant-based-sausages
good-culture-cottage-cheese-classic,Good Culture,Good Culture Cottage Cheese Classic,Milk/Milk Substitutes,00859977005149,2755699,150g,,110,19,3,2,3,,3,,460,77,B,69,80,100,67,30,93,2026-06-02,https://labelgrade.com/good-culture-cottage-cheese-classic
justins-classic-peanut-butter-spread-28-oz-794-g,Justin's,Classic Peanut Butter,Nut & Seed Butters,840379101393,2652729,2 Tbsp,,210,7,18,3.5,6,0.992,2,0,25,77,B,83,83,92,100,52,44,2026-06-05,https://labelgrade.com/justins-classic-peanut-butter-spread-28-oz-794-g
kashi-go-cereal-crunch-honey-almond-flax-14oz-14-onz,Kashi,Kashi GO Honey Almond Flax Crunch,Cereal,00018627703396,2721680,3/4 cup (52 g),,200,8.74,5.25,0.572,34.8,8.11,11.5,10.3,141,77,B,75,77,56,70,100,94,2026-05-28,https://labelgrade.com/kashi-go-cereal-crunch-honey-almond-flax-14oz-14-onz
kelloggs-special-k-cereal-protein-honey-almond-ancient-grains-11oz-11-onz,Kellogg's,Kellogg's Special K Protein Honey Almond Ancient Grains,Cereal,00038000196218,2736280,1 1/3 cup (60 g),,221,15.5,2.58,0.36,38.2,5.64,9.42,8.88,267,77,B,89,67,64,52,96,97,2026-05-28,https://labelgrade.com/kelloggs-special-k-cereal-protein-honey-almond-ancient-grains-11oz-11-onz
larabar-cherry-pie-fruit-and-nut-bar-1-7-onz,Larabar,Cherry Pie Fruit & Nut Bar,Snack & Granola Bars,00021908509242,2741560,1 bar (48 g),,200,4,7,0.499,28,3.98,20,0,0,77,B,62,83,43,100,88,95,2026-06-06,https://labelgrade.com/larabar-cherry-pie-fruit-and-nut-bar-1-7-onz
natures-own-specialty-honey-wheat-bread-24-oz-680-g,Nature's Own,Specialty Honey Wheat Bread,Breads & Buns,072250914765,2077150,1.5 oz,,100,5,1,0,20,3.01,3,,150,77,B,67,72,85,64,79,100,2026-06-05,https://labelgrade.com/natures-own-specialty-honey-wheat-bread-24-oz-680-g
oroweat-100-whole-wheat-bread-grains-4-lbs-1-81-kg-907-g,Oroweat,Whole Grains 100% Whole Wheat Bread,Breads & Buns,073410025253,2070980,1 SLICE,,90.1,4,0.999,0,18,2.01,3,,150,77,B,66,75,94,60,67,100,2026-06-05,https://labelgrade.com/oroweat-100-whole-wheat-bread-grains-4-lbs-1-81-kg-907-g
perdue-short-cuts-grilled-chicken-family-size-16-oz,Perdue,Perdue Short Cuts Grilled Carved Chicken Breast (Family Size),Chicken,0072745001611,2616534,3 oz (84 g),,100,20,2,0,1,0,0,,410,77,B,86,68,100,48,30,100,2026-05-28,https://labelgrade.com/perdue-short-cuts-grilled-chicken-family-size-16-oz
rxbar-chocolate-chip-protein-bar-1-83-oz-52-g,RXBAR,RXBAR Chocolate Chip Protein Bar,"Snack, Energy & Granola Bars",857777004690,2609152,1 bar (52 g),,220,12,10,2,22,5,13,0,200,77,B,85,75,73,61,97,76,2026-05-27,https://labelgrade.com/rxbar-chocolate-chip-protein-bar-1-83-oz-52-g
silk-original-soy-milk,Silk,Silk Original Soy Milk,Milk/Milk Substitutes,00025293600393,2756953,1 cup (240 mL),,110,8,4.5,0.5,8,2,5,4,90,77,B,55,75,84,100,36,99,2026-05-31,https://labelgrade.com/silk-original-soy-milk
sunsweet-pitted-prunes-9-oz-255-g,Sunsweet,Pitted Prunes,Dried Fruit & Raisins,802763028891,2010451,1.5 oz,,100,1,0,0,26,3,15,,0,77,B,54,83,51,100,83,100,2026-06-06,https://labelgrade.com/sunsweet-pitted-prunes-9-oz-255-g
beyond-meat-beef-italian-meatballs-9-oz-255-g,Beyond Meat,Beyond Meat Italian Meatballs,Vegetarian Frozen Meats,852629004248,1869600,3 oz (85 g) — ~5 meatballs,,200,18,12,2,6,3,0,0,360,76,B,82,70,100,53,55,85,2026-05-28,https://labelgrade.com/beyond-meat-beef-italian-meatballs-9-oz-255-g
birch-benders-pancake-and-waffle-mix-protein-16-oz-454-g,Birch Benders,Pancake & Waffle Mix Protein,"Cake, Cookie & Cupcake Mixes",856017003431,2670139,0.5 cup,,180,16,1.5,0,26,1,6,,300,76,B,98,72,74,40,44,100,2026-06-03,https://labelgrade.com/birch-benders-pancake-and-waffle-mix-protein-16-oz-454-g
breakstones-lowfat-cottage-cheese,Breakstone's,Breakstone's Lowfat Cottage Cheese,Cottage Cheese,021000013289,1477756,1/2 cup (113 g),,80,10,2.5,1.5,8,3,3,,370,76,B,63,79,100,65,49,93,2026-05-28,https://labelgrade.com/breakstones-lowfat-cottage-cheese
goya-red-kidney-beans-10-5-oz-298-g,Goya,Red Kidney Beans,Canned & Bottled Beans,041331019804,2421467,1/2 cup,,160,10,1,0,28,7.02,1,,439,76,B,62,67,96,64,68,100,2026-06-05,https://labelgrade.com/goya-red-kidney-beans-10-5-oz-298-g
just-egg-plant-based-16-oz,Just Egg,Plant-Based Egg,Eggs & Egg Substitutes,0191011001275,2599574,3 Tbsp (46 g),,69.9,5,5,0,0.998,0,0,0,180,76,B,66,80,100,60,30,100,2026-06-05,https://labelgrade.com/just-egg-plant-based-16-oz
kind-fruit-and-nut-delight-bar-1-4-oz-40-g,Kind,Kind Fruit & Nut Delight Bar,"Snack, Energy & Granola Bars",602652170041,2081642,1 bar (40 g),,200,6,13,1.5,17,3,9,,10,76,B,73,78,50,100,83,76,2026-05-27,https://labelgrade.com/kind-fruit-and-nut-delight-bar-1-4-oz-40-g
king-oscar-sardines-in-pure-spring-water-3-75-oz-106-g,King Oscar,King Oscar Sardines in Pure Spring Water,Canned Fish,034800006320,2015414,1 can drained (85 g),,150,15,10,3,0,0,0,,200,76,B,76,80,100,72,30,77,2026-05-28,https://labelgrade.com/king-oscar-sardines-in-pure-spring-water-3-75-oz-106-g
muuna-lowfat-plain-cottage-cheese-5-3-oz-150-g,Muuna,Muuna Lowfat Plain Cottage Cheese,Cottage Cheese,856491006058,1923646,1 cup (150 g),,120,19,3,2,4,0,4,,520,76,B,69,80,100,64,30,93,2026-05-28,https://labelgrade.com/muuna-lowfat-plain-cottage-cheese-5-3-oz-150-g
sara-lee-100-whole-wheat-bread-16-oz-1-lbs-454-g,Sara Lee,100% Whole Wheat Bread,Breads & Buns,077633750497,2107271,2 SLICES,,120,6,1.5,0,23,3,3,,230,76,B,68,75,87,50,72,100,2026-06-05,https://labelgrade.com/sara-lee-100-whole-wheat-bread-16-oz-1-lbs-454-g
activia-peach-probiotic-yogurt,Activia,Activia Peach Probiotic Yogurt,Yogurt,00036632026040,2757193,1 cup (113 g),,102,4.52,1.7,,17,,13.6,,,75,B,56,79,68,100,30,100,2026-05-28,https://labelgrade.com/activia-peach-probiotic-yogurt
atkins-caramel-nut-chew-flavored-treat-bars-6-oz-170-g,Atkins,Atkins Endulge Caramel Nut Chew Bar,"Snack, Energy & Granola Bars",637480075022,2666193,1 bar (34 g),,130,5,8,4,16,5,1,0,50,75,B,72,71,100,85,100,41,2026-05-28,https://labelgrade.com/atkins-caramel-nut-chew-flavored-treat-bars-6-oz-170-g
banza-plant-based-chickpea-mac-and-cheese-vegan-cheddar-5-oz,Banza,Banza Shells + Vegan Cheddar Chickpea Mac & Cheese,Pasta & Noodles,00857183005878,2756179,64 g (dry),,141,7.68,2.56,0.64,24.3,3.84,1.28,,371,75,B,68,74,100,41,72,95,2026-05-28,https://labelgrade.com/banza-plant-based-chickpea-mac-and-cheese-vegan-cheddar-5-oz
beyond-meat-burger-plant-based-patties-8-oz-226-g,Beyond Meat,Beyond Burger Plant-Based Patties,Other Meats,852629004583,2367272,1 patty (113 g),,231,20,14,5,7,2,0,0,390,75,B,77,75,100,64,43,73,2026-05-28,https://labelgrade.com/beyond-meat-burger-plant-based-patties-8-oz-226-g
boars-head-turkey-breast,Boar's Head,Boar's Head Turkey Breast,Deli Meat / Cold Cuts,205295000005,378256,2 oz (56 g),,59.9,13,1,0,0,,,,380,75,B,85,72,100,31,30,100,2026-05-28,https://labelgrade.com/boars-head-turkey-breast
built-coconut-puff-protein-bars-160-g-5-64-oz,Built,Built Coconut Puff Protein Bar,"Snack, Energy & Granola Bars",840229303816,2509968,1 bar (40 g),,140,17,3,1.5,13,0,7,6,90,75,B,100,73,67,73,30,76,2026-05-28,https://labelgrade.com/built-coconut-puff-protein-bars-160-g-5-64-oz
core-power-high-protein-milk-shake-banana-11-5-fl-oz-340-ml,Core Power,Core Power Banana High Protein Milk Shake,Protein Shake,856312002696,1935189,1 bottle (340 mL),,241,26,3.5,2.01,26,0,26,,150,75,B,61,79,64,100,30,97,2026-05-28,https://labelgrade.com/core-power-high-protein-milk-shake-banana-11-5-fl-oz-340-ml
core-power-high-protein-milk-shake-vanilla-11-5-fl-oz-340-ml,Core Power,Core Power Vanilla High Protein Milk Shake,Milk,856312002221,1872220,1 bottle (11.5 fl oz / 340 mL),,241,26,3.5,2,26,0,26,,119,75,B,61,79,64,100,30,97,2026-05-27,https://labelgrade.com/core-power-high-protein-milk-shake-vanilla-11-5-fl-oz-340-ml
daisy-cottage-cheese-small-curd-4-milkfat-minimum,Daisy,"Daisy Cottage Cheese, Small Curd, 4% Milkfat Minimum",Milk/Milk Substitutes,00073420524401,2757139,113g,,124,14.7,5.65,3.39,5.65,0,4.52,,441,75,B,70,85,100,60,30,80,2026-06-03,https://labelgrade.com/daisy-cottage-cheese-small-curd-4-milkfat-minimum
eas-pure-milk-protein-bar-chocolate-chip-cookie-dough-1-76-oz-50-g,EAS,EAS Pure Milk Protein Bar Chocolate Chip Cookie Dough,"Snack, Energy & Granola Bars",791083649384,2489220,1 bar (50 g),,190,15,7,4,20,4,9,,140,75,B,95,72,71,69,86,56,2026-05-27,https://labelgrade.com/eas-pure-milk-protein-bar-chocolate-chip-cookie-dough-1-76-oz-50-g
eas-pure-milk-protein-bars-chocolate-chip-cookie-dough-8-oz-250-g,EAS,"AdvantEdge Pure Milk Protein Bar, Chocolate Chip Cookie Dough","Snack, Energy & Granola Bars",791083649421,2489216,1 bar (50 g),,190,15,7,4,20,4,9,,140,75,B,95,72,71,69,86,56,2026-05-28,https://labelgrade.com/eas-pure-milk-protein-bars-chocolate-chip-cookie-dough-8-oz-250-g
ensure-high-protein-shake-homemade-vanilla,Ensure,"Ensure High Protein Shake, Homemade Vanilla",Protein Shakes (Ready-to-Drink),070074504582,1838333,1 bottle (8 fl oz / 237 mL),,160,16,2,0.5,19,0.5,4,4,210,75,B,60,62,84,100,31,99,2026-05-31,https://labelgrade.com/ensure-high-protein-shake-homemade-vanilla
gomacro-peanut-butter-chocolate-chip-macrobar-2-4-oz-69-g,GoMacro,GoMacro Peanut Butter Chocolate Chip MacroBar,"Snack, Energy & Granola Bars",181945000062,2677577,1 bar (69 g),,290,11,11,2,39,2,14,12,10,75,B,74,78,52,100,50,81,2026-05-28,https://labelgrade.com/gomacro-peanut-butter-chocolate-chip-macrobar-2-4-oz-69-g
good-culture-organic-whole-milk-classic-cottage-cheese-16oz,Good Culture,Good Culture Organic Whole Milk Classic Cottage Cheese,Cottage Cheese,00859977005064,2755737,1/2 cup (120 g),,132,16.8,5.4,3.6,3.6,,3.6,,408,75,B,71,83,100,64,30,80,2026-05-28,https://labelgrade.com/good-culture-organic-whole-milk-classic-cottage-cheese-16oz
goodles-cheddy-mac-and-cheese-6-oz,Goodles,Cheddy Mac & Cheese,Pasta & Mac,00850031990005,2756187,74g,,192,10.4,2.59,1.11,34.8,4.44,3.7,,437,75,B,71,72,100,40,72,91,2026-06-05,https://labelgrade.com/goodles-cheddy-mac-and-cheese-6-oz
kelloggs-raisin-bran-cereal-202-5-lbr,Kellogg's,Raisin Bran Cereal,Cereal,30038000008963,2682480,1 Container,,114,2.76,0.665,0.14,27.9,4.3,10,5.25,119,75,B,62,75,67,64,100,98,2026-06-05,https://labelgrade.com/kelloggs-raisin-bran-cereal-202-5-lbr
larabar-cashew-cookie-fruit-and-nut-bar-1-7-onz,Larabar,Larabar Cashew Cookie Fruit & Nut Bar,"Snack, Energy & Granola Bars",00021908509259,2741559,1 bar (48 g),,230,4,12,2,27,3,16,0,10,75,B,62,83,58,100,73,74,2026-05-28,https://labelgrade.com/larabar-cashew-cookie-fruit-and-nut-bar-1-7-onz
morningstar-farms-veggie-burgers-cheese-16oz-16-onz,MorningStar Farms,MorningStar Farms Veggie Cheeze Burgers,Plant-Based Meat,00028989102676,2754066,1 burger (113 g),,270,24,16,3.5,11,3.96,0.994,0,420,75,B,82,61,99,62,55,80,2026-05-28,https://labelgrade.com/morningstar-farms-veggie-burgers-cheese-16oz-16-onz
planters-deluxe-mixed-nuts-517-g,Planters,Deluxe Mixed Nuts,Nuts & Seeds,029000016224,2089140,1 oz,,170,5,14,2,7,1.99,1,,80.1,75,B,77,75,96,68,80,59,2026-06-05,https://labelgrade.com/planters-deluxe-mixed-nuts-517-g
season-sardines-olive-oil-3-75-oz-106-g,Season,Sardines in Olive Oil,Canned Seafood,070303022450,2680395,"1 CAN, DRAINED",,203,21.4,13,3,1,0,0,,466,75,B,90,80,100,41,30,76,2026-06-05,https://labelgrade.com/season-sardines-olive-oil-3-75-oz-106-g
tribe-classic-hummus-16-oz-454-g,Tribe,Tribe Classic Hummus,Dips & Spreads,078902675602,2017305,2 Tbsp (28 g),,60,2,3.5,0,6,1,0,,120,75,B,61,75,100,53,55,100,2026-05-28,https://labelgrade.com/tribe-classic-hummus-16-oz-454-g
amys-cheese-tortellini-bowls-9-6-oz-272-g,Amy's,Amy's Cheese Tortellini Bowl,Frozen Dinners & Entrees,042272011308,2061301,1 bowl (272 g),,419,20,15,6.99,51,4.08,6.99,,661,74,B-,61,75,100,72,41,83,2026-05-28,https://labelgrade.com/amys-cheese-tortellini-bowls-9-6-oz-272-g
applegate-chicken-nuggets-16-oz-1-lbs-454-g,Applegate,Applegate Chicken Nuggets,Frozen Appetizers & Hors D'oeuvres,025317055185,1938447,84 g (6 nuggets),5,190,12,9,1.5,14,0,1,,340,74,B-,71,80,96,55,30,89,2026-05-27,https://labelgrade.com/applegate-chicken-nuggets-16-oz-1-lbs-454-g
bsn-vanilla-milkshake-flavored-syntha-6-protein-powder-drink-mix-3-86-lb-1-75-kg,BSN,"BSN Syntha-6 Edge Protein Powder, Vanilla Milkshake",Protein Powder,834266005703,2463712,1 scoop (36 g),,150,24,3.5,1,6,,3,2,170,74,B-,100,63,88,49,30,82,2026-05-28,https://labelgrade.com/bsn-vanilla-milkshake-flavored-syntha-6-protein-powder-drink-mix-3-86-lb-1-75-kg
del-monte-fresh-cut-french-style-green-beans-8-oz-227-g,Del Monte,Fresh Cut French Style Green Beans,Canned Vegetables,024000013983,2658702,0.5 cup,,20.6,1,0,0,3,0.968,1,,380,74,B-,51,80,99,66,36,100,2026-06-05,https://labelgrade.com/del-monte-fresh-cut-french-style-green-beans-8-oz-227-g
healthy-choice-chicken-alfredo-florentine-8-5-oz-onz,Healthy Choice,Chicken Alfredo Florentine,Frozen Dinners & Entrees,00050100406721,2519685,1 Meal (240g),,221,17,4.51,1.99,28,4.08,1.99,,559,74,B-,61,64,100,72,42,96,2026-06-05,https://labelgrade.com/healthy-choice-chicken-alfredo-florentine-8-5-oz-onz
kind-crunchy-peanut-butter-protein-bar-1-76-oz-50-g,KIND,KIND Crunchy Peanut Butter Protein Bar,"Snack, Energy & Granola Bars",602652207006,2585614,1 bar (50 g),,250,12,18,4,17,5,8,6,140,74,B-,86,70,74,69,100,56,2026-05-28,https://labelgrade.com/kind-crunchy-peanut-butter-protein-bar-1-76-oz-50-g
lightlife-plant-based-burgers-8-oz-0-25-lb,Lightlife,Lightlife Plant-Based Burger,Plant-Based Meat,0043454424909,2611359,1 patty (113 g),,250,20,17,5,6,1.02,0.994,0,390,74,B-,77,75,99,64,36,73,2026-05-28,https://labelgrade.com/lightlife-plant-based-burgers-8-oz-0-25-lb
lyrical-foods-inc-kite-hill-artisan-almond-milk-yogurt-peach,Kite Hill,"Kite Hill Artisan Almond Milk Yogurt, Peach",Yogurt,856624004159,437783,1 cup (150 g),,180,5,11,1.5,16,0,15,,0,74,B-,55,77,70,100,30,95,2026-05-28,https://labelgrade.com/lyrical-foods-inc-kite-hill-artisan-almond-milk-yogurt-peach
oatly-original-oatmilk-32-fl-oz-1-quart-946-ml,Oatly,Oatly Original Oatmilk,Plant Based Milk,190646640026,2309560,1 cup (240 ml),,120,3,5,0.5,16,2,7,7,100,74,B-,52,75,72,100,36,99,2026-05-28,https://labelgrade.com/oatly-original-oatmilk-32-fl-oz-1-quart-946-ml
orgain-organic-protein-nutritional-shake-11-fl-oz-330-ml,Orgain,Orgain Organic Protein Plant-Based Nutritional Shake (Vanilla Bean),Protein Shakes (Ready-to-Drink),851770003223,2339252,1 carton (330 mL),,230,16,6,1,28,2,10,10,260,74,B-,57,80,60,100,34,98,2026-05-31,https://labelgrade.com/orgain-organic-protein-nutritional-shake-11-fl-oz-330-ml
peanut-butter-and-co-smooth-operator-creamy-1-15-oz-32-g,Peanut Butter & Co.,Smooth Operator Creamy Peanut Butter,Nut & Seed Butters,851087000311,2628484,1 PACK,,180,7,15,2.5,8,1.98,3,,99.8,74,B-,83,80,79,66,73,57,2026-06-05,https://labelgrade.com/peanut-butter-and-co-smooth-operator-creamy-1-15-oz-32-g
slimfast-original-meal-replacement-shakes-creamy-milk-chocolate-44-fl-oz-1-3-l,SlimFast,Original Creamy Milk Chocolate Shake,Meal Replacement Shakes,008346740017,2484646,1 bottle,,179,10,5,1.01,25,4.88,19,4.88,120,74,B-,55,66,80,100,41,98,2026-06-06,https://labelgrade.com/slimfast-original-meal-replacement-shakes-creamy-milk-chocolate-44-fl-oz-1-3-l
stryve-original-beef-biltong-2-25-oz-64-g,Stryve,"Original Beef Biltong, Original",Other Snacks,856492007467,2670208,1 oz,,89.9,16,2,0,0,0,0,0,430,74,B-,100,72,100,0,30,100,2026-06-03,https://labelgrade.com/stryve-original-beef-biltong-2-25-oz-64-g
thomas-mini-bagels,Thomas',Thomas' Plain Mini Bagels,Breads & Buns,048121216832,2021311,1 mini bagel (43 g),,120,5,1,0,24,2.02,3,,190,74,B-,67,71,85,52,63,100,2026-05-28,https://labelgrade.com/thomas-mini-bagels
triscuit-crackers-original-1x12-5-oz,Triscuit,Original Crackers,Other Snacks,00044000051693,1461209,6 crackers (28g),,120,3,3.5,0,20,,0,,160,74,B-,66,80,100,42,30,100,2026-06-05,https://labelgrade.com/triscuit-crackers-original-1x12-5-oz
yoplait-original-strawberry-low-fat-yogurt-6-onz,Yoplait,Yoplait Original Strawberry Low Fat Yogurt,Yogurt,00070470409610,2233965,1 container (170 g),,150,6,2.01,1,25,,18,,95.2,74,B-,55,80,62,100,30,97,2026-05-28,https://labelgrade.com/yoplait-original-strawberry-low-fat-yogurt-6-onz
amys-broccoli-cheddar-organic-soups-10-oz-284-g,Amy's,Organic Broccoli Cheddar Soup,Soups & Broths,042272006465,2081745,1 BOWL,,310,10,20,12,23,3.12,3.01,,571,73,B-,55,83,100,75,38,74,2026-06-05,https://labelgrade.com/amys-broccoli-cheddar-organic-soups-10-oz-284-g
annies-super-mac-shells-and-real-aged-cheddar-cheese-6-onz,Annie's,Annie's Super Mac Shells & Real Aged Cheddar,Pasta & Boxed Meals,00013562134144,2746554,"2.6 oz dry (74 g), ~1 cup prepared",,280,15,4.5,2,45,5.99,5,0,660,73,B-,80,72,100,20,87,82,2026-05-28,https://labelgrade.com/annies-super-mac-shells-and-real-aged-cheddar-cheese-6-onz
bear-naked-cereal-granola-all-natural-fit-triple-berry-12oz-12-onz,Bear Naked,Fit Triple Berry Granola,Cereal,00856416000703,2719778,1/2 Cup,,210,4.78,4.89,0.624,40.1,4.52,10.8,9.57,148,73,B-,64,72,60,68,91,94,2026-06-05,https://labelgrade.com/bear-naked-cereal-granola-all-natural-fit-triple-berry-12oz-12-onz
classico-tomato-and-basil-pasta-sauce-14-oz-397-g,Classico,Tomato & Basil Pasta Sauce,Prepared Pasta & Pizza Sauces,041129077115,2446251,1/2 cup,,50,2,1,0,8,2,5,,410,73,B-,52,75,95,65,41,100,2026-06-05,https://labelgrade.com/classico-tomato-and-basil-pasta-sauce-14-oz-397-g
lean-cuisine-herb-roasted-chicken-8oz-8-onz,Lean Cuisine,Herb Roasted Chicken,Frozen Dinners & Entrees,00013800166081,2758632,1 package (226g),,181,18,4.5,0.994,17,2.03,4,0.904,581,73,B-,62,64,96,71,36,98,2026-06-05,https://labelgrade.com/lean-cuisine-herb-roasted-chicken-8oz-8-onz
lean-cuisine-spaghetti-with-meatballs-9-5oz-box-5-onz,Lean Cuisine,Lean Cuisine Spaghetti with Meatballs,Frozen Meals,00013800103901,2758626,1 package (269 g),,280,17,4.49,1.51,43,4.04,5,1.88,670,73,B-,59,70,92,71,41,97,2026-05-28,https://labelgrade.com/lean-cuisine-spaghetti-with-meatballs-9-5oz-box-5-onz
newmans-own-organics-marinara-pasta-sauce-23-5-oz-666-g,Newman's Own,Organics Marinara Pasta Sauce,Prepared Pasta & Pizza Sauces,020662003904,2076930,0.5 cup,,80,2,4,0.504,9,1.97,6,,380,73,B-,52,78,94,67,41,98,2026-06-05,https://labelgrade.com/newmans-own-organics-marinara-pasta-sauce-23-5-oz-666-g
planters-dry-roasted-peanuts-7-oz-199-g,Planters,Dry Roasted Peanuts,Nuts & Seeds,029000027114,1977312,1 oz,,160,7,14,2,5,1.99,2,1.01,150,73,B-,88,73,92,45,80,59,2026-06-05,https://labelgrade.com/planters-dry-roasted-peanuts-7-oz-199-g
pure-protein-birthday-cake-bar-10-56-oz-300-g,Pure Protein,Pure Protein Birthday Cake Bar,"Snack, Energy & Granola Bars",749826763316,2666642,1 bar (50 g),,200,20,5,3.5,18,0,3,,160,73,B-,100,57,98,66,30,60,2026-05-28,https://labelgrade.com/pure-protein-birthday-cake-bar-10-56-oz-300-g
quaker-instant-oatmeal-express-cup-apple-cinnamon-1-51z-12-1n,Quaker,Quaker Instant Quaker Oatmeal Express Cup Apple Cinnamon 1.51z/12,Cereal,00030000562086,2681083,1 Packet (43 g),,160,4,2,0.499,33,4,11,8,160,73,B-,64,72,59,62,95,94,2026-06-05,https://labelgrade.com/quaker-instant-oatmeal-express-cup-apple-cinnamon-1-51z-12-1n
quest-nacho-cheese-tortilla-style-protein-chips-4-oz-113-g,Quest,Quest Nacho Cheese Tortilla Style Protein Chips,Protein Chips & Snacks,888849008759,2653056,1 bag (28 g),,130,16,5,1,5,1.01,1,0,290,73,B-,100,69,100,14,55,77,2026-05-28,https://labelgrade.com/quest-nacho-cheese-tortilla-style-protein-chips-4-oz-113-g
v8-100-vegetable-juice-original,V8,Original 100% Vegetable Juice,Juice,051000211767,1627215,8 OZA,,50.4,1.99,0,0,10,1.92,7.01,,650,73,B-,51,75,96,70,36,100,2026-06-06,https://labelgrade.com/v8-100-vegetable-juice-original
wholly-classic-guacamole-28-oz-1-75-lbs-794-g,Wholly,"Classic Guacamole, Classic",Dips & Salsa,616112028155,2286136,2 Tbsp,,60,0.999,5,0.999,3,2.01,0,,105,73,B-,55,75,100,63,77,78,2026-06-05,https://labelgrade.com/wholly-classic-guacamole-28-oz-1-75-lbs-794-g
amys-pizza-bites-cheese-6-1-oz-173-g,Amy's,Cheese Pizza Bites,Pizza,042272009602,2081810,4 PIZZA BITES,,180,7,8,2.5,19,1,2,,380,72,B-,64,83,100,48,39,79,2026-06-05,https://labelgrade.com/amys-pizza-bites-cheese-6-1-oz-173-g
brunswick-sardines-in-tomato-basil-sauce-3-75-oz-106-g,Brunswick,Sardines in Tomato & Basil Sauce,Canned Seafood,066613019617,2018037,1 CAN,,151,16,8,1.5,3,0,2,,530,72,B-,73,74,92,47,30,92,2026-06-05,https://labelgrade.com/brunswick-sardines-in-tomato-basil-sauce-3-75-oz-106-g
campbell-soup-company-campbells-chunky-sirloin-burger,Campbell's,Chunky Sirloin Burger Soup,Soups & Broths,00051000268532,771902,1 CUP (240mL),,120,6,3,1.01,18,2.88,3,,790,72,B-,54,69,100,65,38,98,2026-06-05,https://labelgrade.com/campbell-soup-company-campbells-chunky-sirloin-burger
cascadian-farm-organic-oats-and-honey-granola-11-onz,Cascadian Farm,Organic Oats & Honey Granola,Cereal,00021908133218,2754967,Bowl per 2/3 cup,,270,6,7,0.998,46,2.98,14,14,105,72,B-,65,78,44,83,64,90,2026-06-05,https://labelgrade.com/cascadian-farm-organic-oats-and-honey-granola-11-onz
daisy-cottage-cheese-4-milkfat-minimum,Daisy,"Daisy Cottage Cheese, 4% Milkfat Minimum",Milk/Milk Substitutes,00073420531249,2756066,170g,,160,14,5,3,14,1,10,4,420,72,B-,62,75,84,71,34,89,2026-06-04,https://labelgrade.com/daisy-cottage-cheese-4-milkfat-minimum
del-monte-sliced-pears-lite-15-oz-425-g,Del Monte,"Del Monte, Sliced Pears, Lite, Lite",Canned Fruit,024000167303,2617964,0.5 cup,,59.5,0,0,0,15,1.98,12,,4.96,72,B-,50,80,52,100,41,100,2026-06-05,https://labelgrade.com/del-monte-sliced-pears-lite-15-oz-425-g
fritos-scoops-corn-chips,Fritos,Scoops! Corn Chips,"Chips, Pretzels & Snacks",028400170048,1594587,1 oz,,160,2,10,1.5,16,1.01,0,,105,72,B-,61,80,100,62,55,68,2026-06-05,https://labelgrade.com/fritos-scoops-corn-chips
healthy-choice-cafe-steamers-beef-merlot-9-5-onz,Healthy Choice,Healthy Choice Cafe Steamers Beef Merlot,Frozen Meals,00072655001022,2758011,1 meal (269 g),,180,13,3.5,1.51,24,4.04,6,1.88,576,72,B-,57,65,92,74,41,97,2026-05-28,https://labelgrade.com/healthy-choice-cafe-steamers-beef-merlot-9-5-onz
hippeas-vegan-white-cheddar-chickpea-puffs-6-oz-170-g,Hippeas,Hippeas Vegan White Cheddar Chickpea Puffs,Other Snacks,810122080220,2670667,"1 oz (28 g, ~2 servings)",,60.1,2,2.5,0,9,0.994,0,0.994,110,72,B-,71,72,84,26,80,100,2026-05-28,https://labelgrade.com/hippeas-vegan-white-cheddar-chickpea-puffs-6-oz-170-g
kodiak-cakes-buttermilk-and-vanilla-power-waffles-13-4-oz-380-g,Kodiak Cakes,Buttermilk & Vanilla Power Waffles,Frozen Breakfast,705599012211,2665708,2 waffles,,240,12,11,1,24,2.96,7,6,360,72,B-,74,73,76,49,57,93,2026-06-05,https://labelgrade.com/kodiak-cakes-buttermilk-and-vanilla-power-waffles-13-4-oz-380-g
morningstar-farms-breakfast-sausage-patties-892-8-lbr,MorningStar Farms,MorningStar Farms Original Sausage Patties,Plant-Based Meat,30028989971525,2682481,1 patty (38 g),,71.1,9.01,2.66,0.418,3.88,0.874,0.494,0.494,254,72,B-,86,59,97,32,46,94,2026-05-28,https://labelgrade.com/morningstar-farms-breakfast-sausage-patties-892-8-lbr
planters-deluxe-whole-cashews,Planters,Deluxe Whole Cashews,Nuts & Seeds,3026440016156,2082078,1 oz,,160,5,13,2.5,9,1.01,2,,94.9,72,B-,77,80,91,64,55,52,2026-06-05,https://labelgrade.com/planters-deluxe-whole-cashews
progresso-vegetable-classics-minestrone-canned-soup-19-onz,Progresso,Vegetable Classics Minestrone Soup,Soups & Broths,00041196010121,2758086,Per Can,,210,10,1.51,0,43,9.15,8.02,2.15,1550,72,B-,53,68,91,68,42,100,2026-06-05,https://labelgrade.com/progresso-vegetable-classics-minestrone-canned-soup-19-onz
ragu-old-world-style-traditional-sauce-24-oz-680-g,Ragu,Old World Style Traditional Sauce,Prepared Pasta & Pizza Sauces,036866002506,1853181,0.5 cup,,80,2,2,0,13,2,8,,480,72,B-,52,75,93,61,41,100,2026-06-05,https://labelgrade.com/ragu-old-world-style-traditional-sauce-24-oz-680-g
raos-homemade-marinara-sauce-22-oz-1-4-lbs-624-g,Rao's,Homemade Marinara Sauce,Prepared Pasta & Pizza Sauces,747479000215,2403200,1/2 cup,,80,2,6,1,6,1,4,,430,72,B-,52,75,96,64,36,96,2026-06-05,https://labelgrade.com/raos-homemade-marinara-sauce-22-oz-1-4-lbs-624-g
sabra-classic-hummus-2-oz-57-g,Sabra,Sabra Classic Hummus,Dips & Spreads,040822011112,2055018,2 oz (57 g),,150,4,11,1.5,9,3,1,,260,72,B-,61,75,98,51,67,83,2026-05-28,https://labelgrade.com/sabra-classic-hummus-2-oz-57-g
skippy-peanut-butter-spread-creamy-15-oz-425-g,Skippy,Creamy Peanut Butter,Nut & Seed Butters,048001212107,1851232,2 Tbsp,,210,7,17,4,6,1.98,2,,74.9,72,B-,83,80,86,72,73,39,2026-06-05,https://labelgrade.com/skippy-peanut-butter-spread-creamy-15-oz-425-g
so-delicious-cultured-plain-yogurt-5-3oz-made-with-organic-coconut-3-onz,So Delicious,"So Delicious Cultured Coconutmilk Yogurt, Plain",Plant-Based Yogurt,00744473000142,2744903,1 cup (150 g),,110,1,5,4,17,1.95,9,9,30,72,B-,51,86,64,100,39,83,2026-05-28,https://labelgrade.com/so-delicious-cultured-plain-yogurt-5-3oz-made-with-organic-coconut-3-onz
tostitos-original-restaurant-style-tortilla-chips-13-ounce-plastic-bag,Tostitos,Original Restaurant Style Tortilla Chips,"Chips, Pretzels & Snacks",00028400063999,1457404,about 7 chips (28g),,140,2,7,1,19,1.01,0,,115,72,B-,61,80,100,54,55,77,2026-06-05,https://labelgrade.com/tostitos-original-restaurant-style-tortilla-chips-13-ounce-plastic-bag
vega-sport-protein-bar-chocolate-coconut-2-14-oz-60-g,Vega,"Vega Sport Protein Bar, Chocolate Coconut","Snack, Energy & Granola Bars",838766080154,1908343,1 bar (60 g),,250,15,9,4.5,29,4,19,,40.2,72,B-,88,78,24,100,77,58,2026-05-28,https://labelgrade.com/vega-sport-protein-bar-chocolate-coconut-2-14-oz-60-g
wonder-calcium-fortified-enriched-bread-classic-white-20-oz-567-g,Wonder,Classic White Enriched Bread,Breads & Buns,072250011372,1869709,2 oz,,140,4,1.5,0,29,2,5,,180,72,B-,61,67,80,66,55,100,2026-06-05,https://labelgrade.com/wonder-calcium-fortified-enriched-bread-classic-white-20-oz-567-g
carrs-crackers-table-water-original-2-2oz-onz,Carr's,Table Water Crackers Original,Other Snacks,00059290573060,2746024,4 Crackers,,50,1,1,0,10,0,0,0,79.9,71,B-,61,75,100,42,30,100,2026-06-05,https://labelgrade.com/carrs-crackers-table-water-original-2-2oz-onz
del-monte-fresh-cut-cream-style-sweet-corn-8-25-oz-234-g,Del Monte,Fresh Cut Cream Style Sweet Corn,Canned Vegetables,024000014416,2658703,0.5 cup,,70,1,1,0,14,1,7,,340,71,B-,51,80,72,69,36,100,2026-06-05,https://labelgrade.com/del-monte-fresh-cut-cream-style-sweet-corn-8-25-oz-234-g
dole-packaged-foods-llc-pineapple-chunks-in-100-juice-20-oz-567-g,Dole Packaged Foods Llc,Pineapple Chunks In 100% Pineapple Juice,Canned Fruit,038900004736,2671938,0.50 cup,,59.8,1,0,0,16,0.976,15,,0,71,B-,51,83,40,100,36,100,2026-06-05,https://labelgrade.com/dole-packaged-foods-llc-pineapple-chunks-in-100-juice-20-oz-567-g
general-mills-sales-inc-cheerios-and-ancient-grains-cereal,General Mills,Cheerios + Ancient Grains Cereal,Cereal,00016000446182,757550,3/4 cup (28 g),,110,3,2,0.501,22,1.99,5,,105,71,B-,66,70,61,62,80,89,2026-05-28,https://labelgrade.com/general-mills-sales-inc-cheerios-and-ancient-grains-cereal
kraft-singles-american-cheese-slices-twin-pack,Kraft,Kraft Singles American Cheese Slices (Twin Pack),Cheese,00072830011341,2756883,60 g,,36,1.8,2.4,1.5,1.2,0,1.2,,150,71,B-,55,72,100,71,30,84,2026-05-28,https://labelgrade.com/kraft-singles-american-cheese-slices-twin-pack
lactaid-4-small-curd-cottage-cheese-16-oz-tub,Lactaid,"Lactaid 4% Small Curd Cottage Cheese, 16 oz Tub",Milk/Milk Substitutes,00041383155482,2757651,113g,,124,14.7,5.65,3.39,5.65,0,4.52,,497,71,B-,70,74,100,52,30,80,2026-06-03,https://labelgrade.com/lactaid-4-small-curd-cottage-cheese-16-oz-tub
lavva-original-pili-nut-yogurt-5-3-oz-150-g,Lavva,Lavva Original Pili Nut Yogurt,Yogurt,860149001708,2669588,1 cup (150 g),,184,2,13.5,10,11,1.05,7,0,64.5,71,B-,52,78,94,100,35,62,2026-05-28,https://labelgrade.com/lavva-original-pili-nut-yogurt-5-3-oz-150-g
lenny-and-larrys-chocolate-chip-the-complete-cookie-4-oz-113-g,Lenny & Larry's,The Complete Cookie (Chocolate Chip),"Snack, Energy & Granola Bars",787692834617,2608424,1/2 cookie,,210,8,6,3,30,5.02,12,9.01,115,71,B-,71,66,64,75,92,69,2026-06-05,https://labelgrade.com/lenny-and-larrys-chocolate-chip-the-complete-cookie-4-oz-113-g
mission-flour-carb-balance-tortilla-wraps-8-oz-226-g,Mission,Carb Balance Flour Tortilla Wraps,Tortillas & Wraps,073731070130,2657253,1 tortilla,,45.1,4,2,1,12,8.99,0,0,210,71,B-,71,66,100,27,100,77,2026-06-05,https://labelgrade.com/mission-flour-carb-balance-tortilla-wraps-8-oz-226-g
nabisco-original-wheat-thins-snacks-5-75-oz-163-g,Wheat Thins,Original,Other Snacks,044000069810,2181586,16 pleces,,140,2,5,0,22,3.01,5,4,200,71,B-,60,72,72,33,98,100,2026-06-05,https://labelgrade.com/nabisco-original-wheat-thins-snacks-5-75-oz-163-g
nature-valley-oats-and-honey-protein-granola-cereal-11-onz,Nature Valley,Oats & Honey Protein Granola,Cereal,00016000437791,2745146,2/3 cup,,270,13,7,1,41,4.03,16,15,170,71,B-,80,67,40,70,73,91,2026-06-05,https://labelgrade.com/nature-valley-oats-and-honey-protein-granola-cereal-11-onz
premier-protein-gluten-free-high-bar-chocolate-peanut-butter-12-65-oz-360-g,Premier Protein,Premier Protein Chocolate Peanut Butter High Protein Bar,"Snack, Energy & Granola Bars",643843000471,1870294,1 bar (72 g),,290,30,8,4,25,3.02,8,,440,71,B-,100,64,82,34,59,67,2026-05-28,https://labelgrade.com/premier-protein-gluten-free-high-bar-chocolate-peanut-butter-12-65-oz-360-g
progresso-traditional-chicken-noodle-canned-soup-19-onz,Progresso,Traditional Chicken Noodle Soup,Soups & Broths,00041196010886,2753961,Per Cup,,98.8,6.99,2.51,0.988,13,0.964,0.988,0,660,71,B-,54,60,100,69,33,98,2026-06-05,https://labelgrade.com/progresso-traditional-chicken-noodle-canned-soup-19-onz
stouffers-lasagna-with-meat-and-sauce-96oz-tray-5-997-lbr,Stouffer's,Stouffer's Lasagna with Meat & Sauce (96 oz tray),Frozen Meals,00013800114662,2702278,1/12 tray (227 g),,261,17,5.99,3,35,2.04,8.99,2.95,760,71,B-,61,69,88,65,36,93,2026-05-28,https://labelgrade.com/stouffers-lasagna-with-meat-and-sauce-96oz-tray-5-997-lbr
beyond-meat-brat-original-sausage-plant-based-links-14-oz-400-g,Beyond Meat,Beyond Sausage Brat Original (Plant-Based Links),Other Meats,852629004774,2156900,1 link (76 g),,190,16,12,5,5,3,0,0,500,70,B-,82,72,100,32,57,62,2026-05-28,https://labelgrade.com/beyond-meat-brat-original-sausage-plant-based-links-14-oz-400-g
del-monte-fruit-cocktail-in-extra-light-syrup-lite-15-oz-425-g,Del Monte,"Del Monte, Fruit Cocktail In Extra Light Syrup, Lite",Canned Fruit,024000167075,2024245,0.5 cup,,59.5,0,0,0,15,0.992,13,,4.96,70,B-,50,75,48,100,36,100,2026-06-05,https://labelgrade.com/del-monte-fruit-cocktail-in-extra-light-syrup-lite-15-oz-425-g
frigo-cheese-heads-light-string-mozzarella-13-2-oz-377-g,Frigo,"Frigo, Cheese Heads, Light String Mozzarella Cheese",Cheese,041716874738,1867352,1 PIECE,,49.9,7,2.5,1.5,1,0,0,,200,70,B-,94,77,100,23,30,64,2026-06-03,https://labelgrade.com/frigo-cheese-heads-light-string-mozzarella-13-2-oz-377-g
hillshire-farm-ultra-thin-oven-roasted-turkey-breast-32-oz-2-lbs-907-g,Hillshire Farm,Ultra Thin Oven Roasted Turkey Breast,"Pepperoni, Salami & Cold Cuts",044500966862,2089415,2 oz,,59.9,10,0.498,0,2,0,1,,380,70,B-,77,61,96,31,30,100,2026-06-03,https://labelgrade.com/hillshire-farm-ultra-thin-oven-roasted-turkey-breast-32-oz-2-lbs-907-g
hormel-dinty-moore-beef-stew-18-oz-510-g,Dinty Moore,Beef Stew,Canned Meat & Entrees,037600477185,1860844,1 TRAY,,191,11,7.01,3.01,21,2.04,1.99,,1120,70,B-,56,75,92,52,36,94,2026-06-06,https://labelgrade.com/hormel-dinty-moore-beef-stew-18-oz-510-g
motts-applesauce-apple,Mott'S,"Mott'S Applesauce, Apple","Oriental, Mexican & Ethnic Sauces",0014800001792,2560684,1/2 cup (128g),,110,0,0,,27,1.02,25,15,0,70,B-,50,78,40,100,36,100,2026-06-05,https://labelgrade.com/motts-applesauce-apple
newmans-own-thin-and-crispy-margherita-pizza-13-9-oz-394-g,Newman's Own,Thin & Crispy Margherita Pizza,Pizza,020662005342,2011387,0.333 PIZZA,,280,12,12,4.51,31,3.01,2,,650,70,B-,64,72,100,48,46,78,2026-06-05,https://labelgrade.com/newmans-own-thin-and-crispy-margherita-pizza-13-9-oz-394-g
perdue-simply-smart-lightly-breaded-chicken-nuggets-20-oz-567-g,Perdue,Perdue Simply Smart Lightly Breaded Chicken Nuggets,Frozen Appetizers & Hors D'oeuvres,072745806773,2020041,85 g (5 pieces),7,180,12,10,2,10,0,1,,500,70,B-,71,75,96,41,30,85,2026-05-27,https://labelgrade.com/perdue-simply-smart-lightly-breaded-chicken-nuggets-20-oz-567-g
post-honey-roasted-bunches-of-oats-cereal-2-oz-57-g,Post,Honey Bunches of Oats Honey Roasted Cereal Cup,Cereal,884912280565,2653146,1 cup (57 g),,220,4,2,0,46,2,11,9.98,200,70,B-,61,70,60,63,55,100,2026-05-28,https://labelgrade.com/post-honey-roasted-bunches-of-oats-cereal-2-oz-57-g
power-crunch-protein-energy-bar-mocha-creme-1-4-oz-40-g,Power Crunch,"Power Crunch Protein Energy Bar, Mocha Creme","Snack, Energy & Granola Bars",644225727207,1904336,1 bar (40 g),,205,13,13,6,10,1,5,,120,70,B-,99,70,84,67,48,33,2026-05-28,https://labelgrade.com/power-crunch-protein-energy-bar-mocha-creme-1-4-oz-40-g
premier-protein-high-bar-dark-chocolate-mint-2-53-oz-72-g,Premier Protein,Premier Protein High Protein Bar — Dark Chocolate Mint,"Snack, Energy & Granola Bars",643843000563,2038520,1 bar (72 g),1,280,30,7,5,26,3.02,10,,360,70,B-,100,65,74,47,59,60,2026-05-27,https://labelgrade.com/premier-protein-high-bar-dark-chocolate-mint-2-53-oz-72-g
tyson-chicken-nuggets-29-oz-1-81-lbs-822-g,Tyson,Tyson Chicken Nuggets,Frozen Appetizers & Hors D'oeuvres,023700014498,2617888,90 g (5 pieces),9,270,14,17,4,15,0,0,,470,70,B-,73,75,100,46,30,73,2026-05-27,https://labelgrade.com/tyson-chicken-nuggets-29-oz-1-81-lbs-822-g
annies-organic-shells-and-white-cheddar-macaroni-cheese-6-onz,Annie's,Organic Shells & White Cheddar Mac & Cheese,Macaroni & Cheese,00013562300631,2747426,2.5 oz dry mix About 1 cup prepared,,260,9,4,2,48,2.98,4,0,560,69,C+,69,72,100,26,59,81,2026-06-05,https://labelgrade.com/annies-organic-shells-and-white-cheddar-macaroni-cheese-6-onz
boost-high-protein-chocolate-sensation-shake,Boost,Boost High Protein Chocolate Sensation Nutritional Drink,Protein Shakes (Ready-to-Drink),041679394878,2468764,1 bottle (8 fl oz / 237 ml),,239,15,6,1,33,0,15,12,199,69,C+,59,62,52,100,30,98,2026-05-28,https://labelgrade.com/boost-high-protein-chocolate-sensation-shake
california-pizza-kitchen-margherita-recipe-crispy-thin-crust-frozen-15-5-oz-box-onz,California Pizza Kitchen,Margherita Crispy Thin Crust Pizza,Pizza,00071921290535,2768999,1/3 pizza (146g),,299,12,16,6.99,29,2.04,4,1.02,460,69,C+,62,67,96,66,40,71,2026-06-05,https://labelgrade.com/california-pizza-kitchen-margherita-recipe-crispy-thin-crust-frozen-15-5-oz-box-onz
gatorade-g2-thirst-quencher,Gatorade,G2 Thirst Quencher,Sports Drinks,099999002393,2088133,20 fl oz,,48,0,0,0,12,0,12,,270,69,C+,50,67,52,100,30,100,2026-06-06,https://labelgrade.com/gatorade-g2-thirst-quencher
general-mills-sales-inc-old-el-paso-thick-n-chunky-medium-salsa,General Mills Sales Inc.,Old El Paso Thick 'N Chunky Medium Salsa,Sauces/Spreads/Dips/Condiments,00046000855417,759130,2 Tbsp (30g),,9.9,0.999,0,0,3,0.99,0.999,,190,69,C+,55,72,93,33,53,100,2026-06-05,https://labelgrade.com/general-mills-sales-inc-old-el-paso-thick-n-chunky-medium-salsa
great-value-chicken-nuggets-32-oz-2-lbs-907-g,Great Value,Great Value Chicken Nuggets,Frozen Appetizers & Hors D'oeuvres,078742122953,2676531,75 g (4 nuggets),12,150,9,8,1.5,13,2.02,0,,430,69,C+,68,60,100,42,49,88,2026-05-27,https://labelgrade.com/great-value-chicken-nuggets-32-oz-2-lbs-907-g
kraft-mozzarella-string-cheese-snacks-20-oz-566-g,Kraft,Kraft Mozzarella String Cheese Snacks,Cheese,021000044719,2617595,1 stick (24 g),,60,6,3.5,2,1,0,0,0,180,69,C+,88,82,100,27,30,55,2026-05-27,https://labelgrade.com/kraft-mozzarella-string-cheese-snacks-20-oz-566-g
nature-valley-protein-chewy-bars-peanut-butter-dark-chocolate,Nature Valley,"Nature Valley, Protein Chewy Bars, Peanut Butter, Dark Chocolate, Peanut Butter, Dark Chocolate","Snack, Energy & Granola Bars",016000457232,1636005,1 BAR,,190,10,12,3.5,14,5,6,,180,69,C+,88,65,67,51,100,53,2026-06-03,https://labelgrade.com/nature-valley-protein-chewy-bars-peanut-butter-dark-chocolate
pirates-booty-aged-white-cheddar-6-oz-170-g,Pirate's Booty,Pirate's Booty Aged White Cheddar Puffs,Popcorn & Puffed Snacks,015665771455,1861633,1 oz (28 g),,130,2,5,1,19,0,0,,140,69,C+,61,80,100,47,30,77,2026-05-28,https://labelgrade.com/pirates-booty-aged-white-cheddar-6-oz-170-g
sun-chips-sunchips-harvest-cheddar-multigrain-snacks-2-75-ounce-plastic-bag,SunChips,Harvest Cheddar Multigrain Snacks,"Chips, Pretzels & Snacks",00028400097918,1457880,about 15 chips (28g),,140,2,6,0.501,19,1.99,2,,200,69,C+,61,67,95,29,80,89,2026-06-05,https://labelgrade.com/sun-chips-sunchips-harvest-cheddar-multigrain-snacks-2-75-ounce-plastic-bag
welchs-jelly-concord-grape-18-8-oz-533-g,Welch's,Concord Grape Jelly,Jam & Jelly,04181238,1850324,1 Tbsp,,20.1,0,0,0,5,0,5,,15,69,C+,50,78,35,100,30,100,2026-06-06,https://labelgrade.com/welchs-jelly-concord-grape-18-8-oz-533-g
arizona-green-tea-with-ginseng-and-honey-16-9-fl-oz-500-ml,AriZona,Green Tea with Ginseng & Honey,Iced Tea,613008743734,2042392,8 OZA,,60,0,0,0,17,0,16,,9.6,68,C+,50,75,36,100,30,100,2026-06-06,https://labelgrade.com/arizona-green-tea-with-ginseng-and-honey-16-9-fl-oz-500-ml
cheerios-protein-cinnamon-breakfast-cereal-32-6-onz,Cheerios,Cheerios Protein Cinnamon Cereal,Cereal,00016000233188,2742792,1 cup (37 g),,150,8,2.5,0,24,2,12,12,210,68,C+,82,72,29,42,68,100,2026-05-28,https://labelgrade.com/cheerios-protein-cinnamon-breakfast-cereal-32-6-onz
chef-boyardee-beefaroni-15-onz,Chef Boyardee,Beefaroni,Canned Meat & Entrees,00064144043026,2740347,1 can (425g),,348,9.99,13,5.02,48,2.12,7.99,5.1,1280,68,C+,54,66,80,67,33,94,2026-06-06,https://labelgrade.com/chef-boyardee-beefaroni-15-onz
chex-rice-cereal-1-4-onz,General Mills,Rice Chex Cereal,Cereal,00016000141575,2746519,1 container,,150,3,1,0,35,2,3,3,310,68,C+,61,69,84,26,65,100,2026-06-05,https://labelgrade.com/chex-rice-cereal-1-4-onz
clif-bar-kits-organic-fruit-nut-chocolate-almond-coconut-1-69-oz-48-g,Clif Bar,Clif Kit's Organic Dark Chocolate Almond Coconut Fruit + Nut Bar,"Snack, Energy & Granola Bars",722252014221,2586177,1 bar (48 g),,190,4,12,4.5,25,4.99,15,,105,68,C+,62,78,62,74,100,51,2026-05-28,https://labelgrade.com/clif-bar-kits-organic-fruit-nut-chocolate-almond-coconut-1-69-oz-48-g
galbani-mozzarella-cheese-32-oz-907-g,Galbani,"Galbani, Mozzarella Cheese",Cheese,074030001306,1863797,1 oz,,90,8,6,3.5,0.999,0,0,,190,68,C+,90,82,100,33,30,41,2026-06-03,https://labelgrade.com/galbani-mozzarella-cheese-32-oz-907-g
jack-links-teriyaki-beef-jerky-3-125-oz-90-g,Jack Link'S,"Jack Link'S, Teriyaki Beef Jerky",Other Snacks,017082877574,2675690,1 PACKAGE,,50,7,0.5,0,3,0,3,,300,68,C+,100,70,63,0,30,100,2026-06-03,https://labelgrade.com/jack-links-teriyaki-beef-jerky-3-125-oz-90-g
kellogg-company-us-eggo-waffles-homestyle-86-4oz,Eggo,Homestyle Waffles,Frozen Breakfast,00038000158711,752902,2 Waffles,,180,4.27,6.09,1.54,27.4,0.84,1.82,,356,68,C+,59,69,97,47,38,86,2026-06-05,https://labelgrade.com/kellogg-company-us-eggo-waffles-homestyle-86-4oz
kikkoman-soy-sauce,Kikkoman,Soy Sauce,Condiments & Sauces,041390000027,2053519,1 Tbsp,,10,2,0,0,0,0,0,,920,68,C+,70,77,100,0,30,100,2026-06-06,https://labelgrade.com/kikkoman-soy-sauce
nabisco-original-premium-saltine-crackers-4-oz-113-g,Nabisco,Premium Original Saltine Crackers,Other Snacks,044000003821,2500607,5 crackers,,70.1,1,1.5,0,12,0,0,,135,68,C+,59,72,100,23,30,100,2026-06-05,https://labelgrade.com/nabisco-original-premium-saltine-crackers-4-oz-113-g
ore-ida-golden-tater-tots-32-oz,Ore-Ida,Golden Tater Tots,Frozen Potatoes,0013120000829,2631457,3 oz (86g/about 9 pieces),,130,2,8,1.5,14,1.03,0.998,0,450,68,C+,53,71,99,46,38,89,2026-06-06,https://labelgrade.com/ore-ida-golden-tater-tots-32-oz
oscar-mayer-deli-fresh-blackened-turkey-breast,Oscar Mayer,"Oscar Mayer, Deli Fresh, Blackened Turkey Breast","Pepperoni, Salami & Cold Cuts",044700079201,1592874,2 oz,,59.9,9,1.5,0,2,,0,,560,68,C+,74,63,100,15,30,100,2026-06-03,https://labelgrade.com/oscar-mayer-deli-fresh-blackened-turkey-breast
oscar-mayer-smoked-ham,Oscar Mayer,Smoked Ham,"Pepperoni, Salami & Cold Cuts",044700070581,1625206,3 SLICES,,59.8,10,2,0.998,0,0,0,,480,68,C+,76,66,100,23,30,89,2026-06-05,https://labelgrade.com/oscar-mayer-smoked-ham
prego-traditional-italian-sauce,Prego,Traditional Italian Sauce,Prepared Pasta & Pizza Sauces,051000151933,1627045,0.5 cup,,69.6,2,1.5,0,13,3,10,,480,68,C+,53,75,60,60,48,100,2026-06-05,https://labelgrade.com/prego-traditional-italian-sauce
ruffles-potato-chips-original,Ruffles,Original Potato Chips,"Chips, Pretzels & Snacks",028400427302,1629965,1 oz,,160,2,10,1.5,15,1.01,1,,160,68,C+,61,80,96,42,55,68,2026-06-05,https://labelgrade.com/ruffles-potato-chips-original
snack-pack-pudding-chocolate-13-onz,Snack Pack,Chocolate Pudding,Pudding & Gelatin,00027000419007,2769897,1 pudding cup (92g),,100,1,2.5,1.5,19,1.01,13,12,125,68,C+,52,75,52,86,38,90,2026-06-06,https://labelgrade.com/snack-pack-pudding-chocolate-13-onz
applegate-the-great-organic-uncured-beef-hot-dog-12-oz-340-g,Applegate,Applegate The Great Organic Uncured Beef Hot Dog,"Sausages, Hotdogs & Brats",025317532006,1850095,1 hot dog (48 g),,90.2,6,7,3,0,0,0,,280,67,C+,69,78,100,41,30,64,2026-05-28,https://labelgrade.com/applegate-the-great-organic-uncured-beef-hot-dog-12-oz-340-g
bertolli-tomato-and-basil-sauce-24-oz-680-g,Bertolli,Tomato & Basil Sauce,Prepared Pasta & Pizza Sauces,036200219317,2111867,1/2 cup,,80,2,2,0,13,1,11,,350,67,C+,52,72,56,69,36,100,2026-06-05,https://labelgrade.com/bertolli-tomato-and-basil-sauce-24-oz-680-g
blue-diamond-almond-breeze-chocolate-milk,Blue Diamond,Blue Diamond Almond Breeze Chocolate Almondmilk,Plant Based Milk,00041570056257,2757168,1 cup (240 mL),8,100,1,2.5,0,21,1,19,19,150,67,C+,51,75,24,100,33,100,2026-05-31,https://labelgrade.com/blue-diamond-almond-breeze-chocolate-milk
chomps-original-beef-sticks-13-8-oz-384-g,Chomps,Chomps Original Beef Sticks,Meat Sticks / Jerky,856584004763,2652237,1 stick (32 g),,90,9,6,2.5,0,0,0,0,290,67,C+,92,72,100,20,30,57,2026-05-28,https://labelgrade.com/chomps-original-beef-sticks-13-8-oz-384-g
dole-mandarin-oranges-in-100-fruit-juice-23-5-oz-665-g,Dole,Mandarin Oranges In 100% Fruit Juice,Canned Fruit,038900030995,2672059,0.5 cup,,90.3,1,0,0,22,0.976,20,,4.88,67,C+,51,78,20,100,36,100,2026-06-05,https://labelgrade.com/dole-mandarin-oranges-in-100-fruit-juice-23-5-oz-665-g
healthy-choice-power-bowls-mango-edamame-9-oz,Healthy Choice,Healthy Choice Power Bowls Mango Edamame,Frozen Meals,0072655000735,2531830,1 bowl (255 g),,370,10,14,1.5,50,6.88,20,17.1,431,67,C+,56,72,32,83,49,97,2026-05-28,https://labelgrade.com/healthy-choice-power-bowls-mango-edamame-9-oz
marie-callenders-chicken-pot-pie-15-onz,Marie Callender's,Marie Callender's Chicken Pot Pie,Frozen Meals,00021131506995,2754960,1 cup (200 g),,440,11,26,11,40,2,2,1,650,67,C+,58,69,96,65,37,68,2026-05-28,https://labelgrade.com/marie-callenders-chicken-pot-pie-15-onz
ocean-spray-craisins-dried-cranberries-12-oz-340-g,Ocean Spray,Craisins Dried Cranberries,Dried Fruit & Raisins,031200294500,2439369,0.25 cup,,130,0,0,0,33,3,29,,0,67,C+,50,75,0,100,83,100,2026-06-06,https://labelgrade.com/ocean-spray-craisins-dried-cranberries-12-oz-340-g
old-trapper-fashioned-beef-jerky-4-oz-113-2-g,Old Trapper,"Old Fashioned Beef Jerky, Old Fashioned",Other Snacks,079694221053,2401661,1 oz,,70,11,0,0,6,0,5,,600,67,C+,100,69,61,0,30,100,2026-06-03,https://labelgrade.com/old-trapper-fashioned-beef-jerky-4-oz-113-2-g
pace-chunky-salsa-medium-15-oz-425-g,Pace,"Pace, Chunky Salsa, Medium",Dips & Salsa,013949795579,1926808,2 Tbsp,,9.9,0,0,,3,0.99,2,,230,67,C+,50,72,92,27,53,100,2026-06-05,https://labelgrade.com/pace-chunky-salsa-medium-15-oz-425-g
tostitos-chunky-salsa-medium-46-50-ounce-glass-jar,Tostitos,Tostitos Chunky Salsa Medium 46.50 Ounce Glass Jar,Sauces/Spreads/Dips/Condiments,00028400043052,1460235,None,,9.9,0,0,0,2,0.99,2,,250,67,C+,50,72,93,27,51,100,2026-06-05,https://labelgrade.com/tostitos-chunky-salsa-medium-46-50-ounce-glass-jar
bushs-best-baked-beans-original-398-ml,Bush's Best,Original Baked Beans,Canned & Bottled Beans,039400036111,2243970,0.5 cup,,140,6,1,0,29,5,12,,550,66,C+,57,72,52,52,58,100,2026-06-05,https://labelgrade.com/bushs-best-baked-beans-original-398-ml
campbells-condensed-soup-tomato,Campbell's,Condensed Tomato Soup,Soups & Broths,051000210326,1625336,0.5 cup,,90,2,1.5,0.504,17,0.96,10,,410,66,C+,53,71,60,64,36,98,2026-06-05,https://labelgrade.com/campbells-condensed-soup-tomato
del-monte-foods-inc-sliced-peaches-in-heavy-syrup,Del Monte Foods Inc.,"Del Monte, Sliced Peaches In Heavy Syrup",Canned Fruit,024000010623,488755,0.5 cup,,99.8,0,0,0,25,1.02,21,,5.12,66,C+,50,78,16,100,36,100,2026-06-05,https://labelgrade.com/del-monte-foods-inc-sliced-peaches-in-heavy-syrup
herdez-salsa-7-oz-198-g,Herdez,"Herdez, Salsa",Dips & Salsa,072878275576,2010874,2 Tbsp,,4.96,0,0,0,1,0,1,,250,66,C+,50,77,96,25,30,100,2026-06-05,https://labelgrade.com/herdez-salsa-7-oz-198-g
hillshire-farm-classics-honey-roasted-turkey-breast-16-oz-1-lbs-453-g,Hillshire Farm,Farm Classics Honey Roasted Turkey Breast,"Pepperoni, Salami & Cold Cuts",044500981988,2087767,4 SLICES,,60,7,1.5,0.5,3,0,2,,490,66,C+,71,65,91,16,30,95,2026-06-05,https://labelgrade.com/hillshire-farm-classics-honey-roasted-turkey-breast-16-oz-1-lbs-453-g
la-banderita-sabrosisimas-tortillas-caseras-14-5-oz-410-g,La Banderita,Sabrosisimas Flour Tortillas,Tortillas & Wraps,027331011444,2020028,1 TORTILLA,,130,3,4,1,21,0.984,1,,280,66,C+,61,69,95,31,47,84,2026-06-05,https://labelgrade.com/la-banderita-sabrosisimas-tortillas-caseras-14-5-oz-410-g
lays-classic-potato-chips,Lay's,Classic Potato Chips,"Chips, Pretzels & Snacks",028400421584,1633665,1 oz,,160,2,10,1.5,15,1.01,1,,170,66,C+,61,77,96,35,55,68,2026-06-05,https://labelgrade.com/lays-classic-potato-chips
mission-soft-taco-flour-tortillas-28-oz-793-g,Mission,Soft Taco Flour Tortillas,Tortillas & Wraps,073731071038,1955227,1 TORTILLA,,140,4,3,1,26,0.98,1,,400,66,C+,62,70,96,24,44,87,2026-06-05,https://labelgrade.com/mission-soft-taco-flour-tortillas-28-oz-793-g
pepperidge-farm-goldfish-cheddar-crackers-6-oz-bag-onz,Goldfish,Cheddar Crackers,Other Snacks,00014100085478,2732705,Amount per serving,,140,3,5,0.999,20,0.99,0,0,250,66,C+,65,66,100,23,53,78,2026-06-05,https://labelgrade.com/pepperidge-farm-goldfish-cheddar-crackers-6-oz-bag-onz
quaker-life-original-multigrain-cereal-2-29-ounce-cup,Quaker,Life Original Multigrain Cereal,Cereal,00030000316009,1458847,1 container (65 g),,244,6.36,2.85,0.526,34,4.16,12.6,,322,66,C+,65,64,50,48,75,96,2026-06-05,https://labelgrade.com/quaker-life-original-multigrain-cereal-2-29-ounce-cup
sargento-string-cheese-snacks-5-oz-141-7-g,Sargento,Sargento String Cheese Snacks (Mozzarella),Cheese,046100007013,1870277,1 stick (24 g),,70,6,4.5,3,1,0,0,0,170,66,C+,88,82,100,30,30,39,2026-05-27,https://labelgrade.com/sargento-string-cheese-snacks-5-oz-141-7-g
campbells-chicken-noodle-condensed-soup,Campbell's,Condensed Chicken Noodle Soup,Soups & Broths,051000187680,1627241,0.5 cup,,69.6,3,2,0.504,11,0.96,0.996,,870,65,C+,54,61,99,29,36,98,2026-06-05,https://labelgrade.com/campbells-chicken-noodle-condensed-soup
country-archer-beef-jerky-original,Country Archer,"Country Archer, Beef Jerky, Original, Original",Other Snacks,853016002472,2016974,1 oz,,70,7,1,1,4,0,4,,280,65,C+,88,75,69,15,30,77,2026-06-03,https://labelgrade.com/country-archer-beef-jerky-original
digiorno-pepperoni-rising-crust-pizza-2-51-kg-839-g,DiGiorno,Pepperoni Rising Crust Pizza,Pizza,071921023492,2091622,0.167 PIZZA,,350,16,14,6.01,40,1.96,6.01,,951,65,C+,67,64,100,31,40,74,2026-06-05,https://labelgrade.com/digiorno-pepperoni-rising-crust-pizza-2-51-kg-839-g
field-trip-original-meat-stick-1-oz,Field Trip,Field Trip Original Meat Stick,Other Snacks,0854966005520,2651946,1 stick (28 g),,90,8,6,2,3,0,3,2,240,65,C+,93,72,84,22,30,59,2026-05-27,https://labelgrade.com/field-trip-original-meat-stick-1-oz
general-mills-sales-inc-honey-nut-cheerios-cereal,General Mills,Honey Nut Cheerios Cereal,Cereal,00016000483668,610432,3/4 cup (28g),,110,2,1.5,0,22,1.99,9,,160,65,C+,61,75,29,42,80,100,2026-06-05,https://labelgrade.com/general-mills-sales-inc-honey-nut-cheerios-cereal
jack-links-premium-cuts-beef-jerky-original-hickory-smokehouse-3-25-oz,Jack Link's,Jack Link's Premium Cuts Beef Jerky Original Hickory Smokehouse,Other Snacks,017082700100,1852296,1 oz (28 g),,80,12,1,0.5,5,0,5,,540,65,C+,100,67,61,0,30,89,2026-05-27,https://labelgrade.com/jack-links-premium-cuts-beef-jerky-original-hickory-smokehouse-3-25-oz
red-baron-rising-crust-pepperoni-pizza-19-33-oz-547-g,Red Baron,Rising Crust Pepperoni Pizza,Pizza,072180567369,2032003,0.25 PIZZA,,340,14,12,5,45,2.06,8,,890,65,C+,65,63,95,33,41,77,2026-06-05,https://labelgrade.com/red-baron-rising-crust-pepperoni-pizza-19-33-oz-547-g
sunshine-cheez-it-baked-snack-crackers-24-oz-680-g,Cheez-It,Original Baked Snack Crackers,Other Snacks,024100730360,2087644,27 CRACKERS,,150,3,8,2,17,0.99,0,,230,65,C+,65,72,100,27,53,62,2026-06-05,https://labelgrade.com/sunshine-cheez-it-baked-snack-crackers-24-oz-680-g
bisquick-original-pancake-and-baking-mix-96-onz,Bisquick,Original Pancake & Baking Mix,Baking Mixes,00016000422001,2741812,1/3 cup mix,,150,2,2,0.5,30,1.01,2,2.02,380,64,C,57,67,89,20,47,94,2026-06-06,https://labelgrade.com/bisquick-original-pancake-and-baking-mix-96-onz
breyers-natural-vanilla-ice-cream-1-pt-473-ml,Breyers,Natural Vanilla Ice Cream,Ice Cream & Frozen Desserts,077567274731,2030766,2/3 cup,,170,3,9,6,19,0,19,14,50.2,64,C,55,80,44,100,30,61,2026-06-05,https://labelgrade.com/breyers-natural-vanilla-ice-cream-1-pt-473-ml
cabot-pepper-jack-cheese-2-lbs-907-g,Cabot,Cabot Pepper Jack Cheese,Cheese,078354715345,2057248,1 oz (28 g),,110,7,9,6,1,0,0,0,170,64,C,88,82,100,35,30,19,2026-05-28,https://labelgrade.com/cabot-pepper-jack-cheese-2-lbs-907-g
doritos-tortilla-chips-nacho-cheese,Doritos,Nacho Cheese Tortilla Chips,"Chips, Pretzels & Snacks",028400335799,1629973,1 oz,,140,2,8,1,16,1.01,0,,210,64,C,61,59,100,27,55,77,2026-06-05,https://labelgrade.com/doritos-tortilla-chips-nacho-cheese
kelloggs-pop-tarts-frosted-strawberry-761-88-lbr,Pop-Tarts,Frosted Strawberry,Toaster Pastries,30038000551308,2649698,1 Pastry,,170,2.02,2.64,0.864,36.3,2.78,14.5,14.1,114,64,C,56,64,35,72,71,89,2026-06-06,https://labelgrade.com/kelloggs-pop-tarts-frosted-strawberry-761-88-lbr
kraft-velveeta-shells-and-cheese,Velveeta,Shells & Cheese Original,Macaroni & Cheese,021000065561,1631363,1 PACKAGE,,480,15,16,5,65,1.99,7,,1220,64,C,66,64,100,22,40,77,2026-06-05,https://labelgrade.com/kraft-velveeta-shells-and-cheese
krave-pork-jerky-black-cherry-barbecue,Krave,"Krave Pork Jerky, Black Cherry Barbecue",Meat Sticks / Jerky,855002003210,1646434,1 oz (28 g),,80.1,9,0.501,0,10,0,9,,320,64,C,98,72,29,10,30,100,2026-05-28,https://labelgrade.com/krave-pork-jerky-black-cherry-barbecue
nature-valley-crunchy-granola-bars-oats-n-honey,Nature Valley,Crunchy Oats 'n Honey Granola Bars,Snack & Granola Bars,016000335301,1635468,2 BARS,,190,3,7,1,29,2.02,11,,180,64,C,61,72,42,53,64,85,2026-06-06,https://labelgrade.com/nature-valley-crunchy-granola-bars-oats-n-honey
ocean-spray-cranberry-juice-cocktail-64-fl-oz-1-89-l,Ocean Spray,Cranberry Juice Cocktail,Juice,031200200075,2038758,8 OZA,,110,0,0,0,28,0,28,,4.8,64,C,50,80,0,100,30,100,2026-06-06,https://labelgrade.com/ocean-spray-cranberry-juice-cocktail-64-fl-oz-1-89-l
tillamook-extra-sharp-cheddar-cheese-10-oz-283-g,Tillamook,Tillamook Extra Sharp Cheddar Cheese,Cheese,072830001854,2020966,1 oz (28 g),,110,7,9,6,0,0,0,,170,64,C,88,82,100,35,30,19,2026-05-28,https://labelgrade.com/tillamook-extra-sharp-cheddar-cheese-10-oz-283-g
tillamook-sharp-cheddar-cheese,Tillamook,Tillamook Sharp Cheddar Cheese,Cheese,218063407661,399213,1 oz (28 g),,110,7,9,6,0,0,0,0,170,64,C,88,82,100,35,30,19,2026-05-28,https://labelgrade.com/tillamook-sharp-cheddar-cheese
armour-chicken-vienna-sausage-4-6-onz,Armour,Chicken Vienna Sausage,Canned Meat & Entrees,00054100179906,2769172,4 Sausages (60g),,120,7,10,3,1,0,0,,530,63,C,68,67,100,21,30,70,2026-06-06,https://labelgrade.com/armour-chicken-vienna-sausage-4-6-onz
banquet-classic-salisbury-steak-meal-11-88-onz,Banquet,Classic Salisbury Steak Meal,Frozen Dinners & Entrees,00031000007300,2769904,1 Meal (337g),,361,11,17,4.99,41,3.03,17,10.1,1040,63,C,55,56,60,67,36,91,2026-06-05,https://labelgrade.com/banquet-classic-salisbury-steak-meal-11-88-onz
black-forest-fruit-snacks-22-4-oz-635-g,Black Forest,Fruit Snacks,Fruit Snacks,041420013997,2055287,1 POUCH,,69.9,1,0,0,18,0,12,,15,63,C,56,68,0,100,30,100,2026-06-06,https://labelgrade.com/black-forest-fruit-snacks-22-4-oz-635-g
lesserevil-himalayan-pink-salt-popcorn-4-6-oz,LesserEvil,Himalayan Pink Salt Popcorn,Popcorn & Puffed Snacks,0180999001001,2599517,28g / 3 cups,,120,2,6,5,14,4,0,0,190,63,C,61,80,100,31,100,25,2026-06-05,https://labelgrade.com/lesserevil-himalayan-pink-salt-popcorn-4-6-oz
mission-flour-tortillas-11-5-oz,Mission,Flour Tortillas,Tortillas & Wraps,073731004159,2185788,1 TORTILLA,,140,4,3.5,1.5,24,0.98,1,,420,63,C,62,63,96,22,44,80,2026-06-05,https://labelgrade.com/mission-flour-tortillas-11-5-oz
quaker-instant-oatmeal-maple-and-brown-sugar-1-69-oz-2-54-lbr,Quaker,Quaker Instant Oatmeal Maple & Brown Sugar 1.69 oz,Cereal,00030000319710,2650330,1 Packet (48g),,180,4,2.5,0.499,37,2.98,14,14,290,63,C,62,74,36,35,73,95,2026-06-05,https://labelgrade.com/quaker-instant-oatmeal-maple-and-brown-sugar-1-69-oz-2-54-lbr
rold-gold-tiny-twists-cheddar-pretzels-10-oz-plastic-bag,Rold Gold,Tiny Twists Cheddar Pretzels,"Chips, Pretzels & Snacks",00028400021869,1457792,about 20 pretzels (28g),,110,2,1.5,0,22,1.01,1,,480,63,C,61,56,100,0,55,100,2026-06-06,https://labelgrade.com/rold-gold-tiny-twists-cheddar-pretzels-10-oz-plastic-bag
starbucks-frappuccino-chilled-coffee-drink-mocha,Starbucks,Frappuccino Mocha Chilled Coffee Drink,Coffee Drinks,492716500842,497084,1 BOTTLE,,259,9,4.48,3,47,0.822,45,,140,63,C,53,75,2,100,31,96,2026-06-06,https://labelgrade.com/starbucks-frappuccino-chilled-coffee-drink-mocha
tillamook-old-fashioned-beef-jerky-10-oz-283-g,Tillamook,"Old Fashioned Beef Jerky, Old Fashioned",Other Snacks,051943103419,2534279,1 oz,,80.1,10,1.5,0.501,7,0,7,,520,63,C,100,72,45,0,30,89,2026-06-05,https://labelgrade.com/tillamook-old-fashioned-beef-jerky-10-oz-283-g
toast-crunch-cinnamon-cereal-32-onz,General Mills,Cinnamon Toast Crunch Cereal,Cereal,00016000162433,2769681,Cinnamon Toast Crunch,,170,2,4,0,33,2.99,12,12,230,63,C,57,64,36,43,81,100,2026-06-05,https://labelgrade.com/toast-crunch-cinnamon-cereal-32-onz
babybel-semisoft-cheese-original-7-5-oz-213-g,Babybel,Babybel Original Semisoft Cheese (Mini),Cheese,041757059200,1869803,1 wheel (21 g),,70,5,6,4,0,0,0,0,160,62,C,86,82,100,27,30,22,2026-05-27,https://labelgrade.com/babybel-semisoft-cheese-original-7-5-oz-213-g
ben-and-jerrys-homemade-inc-ice-cream-chocolate-fudge-brownie,Ben & Jerry's,Chocolate Fudge Brownie Ice Cream,Ice Cream & Frozen Desserts,076840200160,498338,4 OZA,,270,5,14,9,30,2.04,23,,64.8,62,C,56,74,32,100,42,58,2026-06-05,https://labelgrade.com/ben-and-jerrys-homemade-inc-ice-cream-chocolate-fudge-brownie
cabot-sharp-cheddar-cheese-8-oz-226-g,Cabot,Cabot Sharp Cheddar Cheese,Cheese,078354702086,2016397,1 oz (28 g),,110,7,9,6,1,0,0,0,180,62,C,88,77,100,33,30,19,2026-05-28,https://labelgrade.com/cabot-sharp-cheddar-cheese-8-oz-226-g
hu-simple-chocolate-bar-2-1-oz,Hu,Simple Dark Chocolate Bar,Chocolate,010001210209,2042435,30 g,,160,2,13,8,14,3,9,,0,62,C,60,86,34,100,100,13,2026-06-05,https://labelgrade.com/hu-simple-chocolate-bar-2-1-oz
jimmy-dean-sausage-egg-and-cheese-croissant-sandwich-4-5-onz,Jimmy Dean,"Sausage, Egg & Cheese Croissant Sandwich",Frozen Breakfast,00077900118029,2753221,100 GRAM,,317,10,21,9,22,1.5,4,2.93,470,62,C,65,63,88,50,41,52,2026-06-06,https://labelgrade.com/jimmy-dean-sausage-egg-and-cheese-croissant-sandwich-4-5-onz
kraft-natural-pepper-jack-cheese,Kraft,Kraft Natural Pepper Jack Cheese,Cheese,021000001965,1592624,1 oz (28 g),,110,7,9,5,0,0,0,,190,62,C,88,72,100,31,30,25,2026-05-28,https://labelgrade.com/kraft-natural-pepper-jack-cheese
motts-medleys-fruit-snacks-assorted-berry,Mott's,Medleys Fruit Snacks (Assorted Berry),Fruit Snacks,016000477087,1636112,1 POUCH,,80,0,0,0,19,0,10,,29.9,62,C,50,76,4,87,30,100,2026-06-06,https://labelgrade.com/motts-medleys-fruit-snacks-assorted-berry
philadelphia-original-cream-cheese,Philadelphia,Philadelphia Original Cream Cheese,Cheese,021000048786,1514835,1 oz (28 g),,100,2,9,6,1,0,1,,105,62,C,61,85,100,62,30,19,2026-05-28,https://labelgrade.com/philadelphia-original-cream-cheese
johnsonville-brats-orginal-bratwurst-original-26-6-oz-1-66-lbs,Johnsonville,Original Bratwurst,"Sausages, Hot Dogs & Brats",077782030174,1909061,"1 GRILLED LINK, PER CONTAINER",,260,14,21,8,2,0,1,,680,61,C,76,67,96,24,30,49,2026-06-06,https://labelgrade.com/johnsonville-brats-orginal-bratwurst-original-26-6-oz-1-66-lbs
kraft-macaroni-and-cheese-dinner,Kraft,Macaroni & Cheese Dinner,Macaroni & Cheese,021000037377,1592690,1 PACKAGE,,210,6,3,1.5,39,0.99,6,,460,61,C,66,54,87,23,43,82,2026-06-05,https://labelgrade.com/kraft-macaroni-and-cheese-dinner
welchs-fruit-snacks-11-oz-312-g,Welch's,Fruit Snacks Mixed Fruit,Fruit Snacks,034856522041,2054768,1 POUCH,,44.9,0,0,0,11,0,7,,5.04,61,C,50,68,0,100,30,100,2026-06-06,https://labelgrade.com/welchs-fruit-snacks-11-oz-312-g
boars-head-genoa-salami,Boar's Head,Boar's Head Genoa Salami,"Pepperoni, Salami & Cold Cuts",0042421500158,2615688,8 slices (56g),,190,12,15,5,1,0,0,,870,60,C,82,67,100,0,30,52,2026-06-07,https://labelgrade.com/boars-head-genoa-salami
boursin-gourmet-spreadable-cheese-garlic-and-herb-6-5-oz-184-g,Boursin,Boursin Garlic & Herb Cheese,Cheese,079813060600,1850293,2 Tbsp (23 g),,80,2,8,4.5,1,0,0,,110,60,C,63,80,100,49,30,21,2026-05-28,https://labelgrade.com/boursin-gourmet-spreadable-cheese-garlic-and-herb-6-5-oz-184-g
hebrew-national-beef-franks-11-oz-312-g,Hebrew National,Hebrew National Beef Franks,Sausages & Hot Dogs,074956182851,1935303,1 frank (45 g),,99.9,5,8,3,2,0,0,,500,60,C,67,67,100,11,30,62,2026-05-28,https://labelgrade.com/hebrew-national-beef-franks-11-oz-312-g
heinz-indian-relish,Heinz,Indian Relish,Condiments & Sauces,01362408,1600502,1 Tbsp,,20,0,0,0,5,0,3,,95,60,C,50,69,56,33,30,100,2026-06-05,https://labelgrade.com/heinz-indian-relish
keebler-club-crackers-original-13-7oz,Keebler,Club Original Crackers,Other Snacks,00030100120575,2518398,4 Crackers,,68.6,0.812,3.15,0.448,9.25,0.252,1.23,1.23,127,60,C,59,65,81,20,43,79,2026-06-05,https://labelgrade.com/keebler-club-crackers-original-13-7oz
kelloggs-froot-loops-cereal-75oz-0-75-onz,Kellogg's,Froot Loops Cereal,Cereal,00038000017674,2736037,1 Container,,78.5,1.2,0.798,0.399,18.4,1.2,6.57,6.45,111,60,C,59,65,32,45,70,88,2026-06-05,https://labelgrade.com/kelloggs-froot-loops-cereal-75oz-0-75-onz
totinos-frozen-pepperoni-party-pizza-10-2-onz,Totino's,Pepperoni Party Pizza,Pizza,00042800114006,2745454,1/2 Pizza,,360,9,19,8,38,2.03,4,2.03,740,60,C,59,51,92,47,40,67,2026-06-05,https://labelgrade.com/totinos-frozen-pepperoni-party-pizza-10-2-onz
wish-bone-italian-dressing-16-fl-oz-473-ml,Wish-Bone,Italian Dressing,Salad Dressings,041321005411,2039896,2 Tbsp,,15,0,0,0,3,0,2,,350,60,C,50,69,85,9,30,100,2026-06-06,https://labelgrade.com/wish-bone-italian-dressing-16-fl-oz-473-ml
jimmy-dean-premium-pork-sausage-with-bacon-12-oz-340-g,Jimmy Dean,Premium Pork Sausage with Bacon,"Sausages, Hot Dogs & Brats",077900118487,2623963,2 oz,,240,13,20,7,1,0,1,,600,59,C-,85,64,96,13,30,39,2026-06-06,https://labelgrade.com/jimmy-dean-premium-pork-sausage-with-bacon-12-oz-340-g
kelloggs-frosted-flakes-corn-flake-cereal-8-4-oz-240-g,Kellogg's,Frosted Flakes Cereal,Cereal,038000907722,2107423,1 CONTAINER,,220,3,0,0,53,1.02,21,,310,59,C-,58,72,16,46,42,100,2026-06-05,https://labelgrade.com/kelloggs-frosted-flakes-corn-flake-cereal-8-4-oz-240-g
orville-redenbachers-movie-theater-butter-popcorn-54-onz,Orville Redenbacher's,Movie Theater Butter Popcorn,Popcorn & Puffed Snacks,00027000073193,2755279,2 tbsp (34g) unpopped (makes about 4.5 cups popped),,160,2,10,5,17,2.99,0,0,340,59,C-,59,72,100,15,92,33,2026-06-06,https://labelgrade.com/orville-redenbachers-movie-theater-butter-popcorn-54-onz
ball-park-beef-franks-2-oz-10-lbr,Ball Park,Beef Franks,"Sausages, Hot Dogs & Brats",10054500167159,2743037,100 GRAM,,261,12.3,22.8,10.5,1.75,0,0,,842,58,C-,68,62,100,23,30,46,2026-06-06,https://labelgrade.com/ball-park-beef-franks-2-oz-10-lbr
haagen-dazs-ice-cream-banana-rum-jam-14-fl-oz-414-ml,Häagen-Dazs,Banana Rum Jam Ice Cream,Ice Cream & Frozen Desserts,074570620425,2111803,0.5 cup,,270,4,16,10,28,0,26,,59.8,58,C-,56,75,17,100,30,50,2026-06-05,https://labelgrade.com/haagen-dazs-ice-cream-banana-rum-jam-14-fl-oz-414-ml
hormel-pepperoni,Hormel,Hormel Pepperoni,"Pepperoni, Salami & Cold Cuts",037600121149,470083,15 SLICES,,120,7,10,3.5,0,0,0,,610,58,C-,85,67,100,0,30,41,2026-06-07,https://labelgrade.com/hormel-pepperoni
nabisco-nilla-wafer-cookies-vanilla-1x1-oz,Nabisco,Nilla Wafers,Cookies,00044000013813,1458615,1 pack (28g),,130,1,5,1,20,0,10,,110,58,C-,55,73,32,60,30,77,2026-06-05,https://labelgrade.com/nabisco-nilla-wafer-cookies-vanilla-1x1-oz
oscar-mayer-bologna,Oscar Mayer,Bologna,"Pepperoni, Salami & Cold Cuts",044700008577,1624946,1 SLICE,,80.1,3,7,2.5,1,0,0,,250,58,C-,66,62,100,20,30,52,2026-06-05,https://labelgrade.com/oscar-mayer-bologna
whisps-garlic-herb-cheese-crisps,Whisps,Whisps Garlic Herb Cheese Crisps,Protein Chips & Snacks,00810030721017,2755571,1 oz (28 g / about 23 crisps),,150,13,10,7,2,0,0,0,370,58,C-,100,70,100,4,30,15,2026-05-31,https://labelgrade.com/whisps-garlic-herb-cheese-crisps
gatorade-recover-whey-protein-bar-chocolate-chip-2-8-ounce-plastic-bag,Gatorade,Gatorade Recover Whey Protein Bar Chocolate Chip 2.8 Ounce Plastic Bag,"Snack, Energy & Granola Bars",00052000104325,1460113,1 Bar (80 g),,361,20.4,12.6,9.89,41.5,1.6,28.9,,157,57,C-,88,70,0,80,44,39,2026-06-03,https://labelgrade.com/gatorade-recover-whey-protein-bar-chocolate-chip-2-8-ounce-plastic-bag
heinz-tomato-ketchup,Heinz,Tomato Ketchup,Condiments & Sauces,01311501,1624854,1 Tbsp,,20.1,0,0,0,5,0,4,,160,57,C-,50,70,48,18,30,100,2026-06-05,https://labelgrade.com/heinz-tomato-ketchup
maruchan-ramen-noodle-soup-chicken-3-oz-85-g,Maruchan,Ramen Noodle Soup Chicken,Instant Noodles & Ramen,041789004117,2032433,0.5 BLOCK OF NOODLES WITH SEASONING,,190,4,7,3.5,26,0.989,1,,530,57,C-,64,62,95,7,46,55,2026-06-06,https://labelgrade.com/maruchan-ramen-noodle-soup-chicken-3-oz-85-g
slim-jim-original-snacks-1-12-onz,Slim Jim,Slim Jim Original Snack Sticks,Meat Sticks / Jerky,00026200001883,2758879,4 sticks (32 g),,150,6,11,4,6,0.992,0.998,0.992,530,57,C-,78,67,93,0,52,39,2026-05-28,https://labelgrade.com/slim-jim-original-snacks-1-12-onz
smithfield-thick-cut-bacon,Smithfield,Smithfield Thick Cut Bacon,Bacon,070800041251,1507273,1 pan-fried slice (12 g),,60,3,5,2,0,0,0,,220,57,C-,88,66,100,0,30,28,2026-05-28,https://labelgrade.com/smithfield-thick-cut-bacon
glorious-spam-classic-48-oz-3-lbs-1-36-kg,Spam,Classic,Canned Meat & Entrees,037600001045,1949626,2 oz,,180,7,16,6,1,0,0,,790,56,C-,69,69,100,1,30,45,2026-06-06,https://labelgrade.com/glorious-spam-classic-48-oz-3-lbs-1-36-kg
kens-steak-house-dressing-chefs-reserve-farmhouse-ranch-with-buttermilk-9-fl-oz-268-ml,Ken's Steak House,Chef's Reserve Farmhouse Ranch Dressing,Salad Dressings,041335444497,2008827,2 Tbsp,,160,0,16,2.5,2,0,0.999,,260,56,C-,50,65,100,22,30,55,2026-06-06,https://labelgrade.com/kens-steak-house-dressing-chefs-reserve-farmhouse-ranch-with-buttermilk-9-fl-oz-268-ml
nathans-famous-beef-cocktail-franks-12-oz,Nathan's Famous,Nathan's Famous Beef Cocktail Franks,Sausages & Hot Dogs,0888313917150,2626171,5 links (56 g),,170,7,15,6,2,0,0,,680,56,C-,69,64,100,8,30,45,2026-05-28,https://labelgrade.com/nathans-famous-beef-cocktail-franks-12-oz
pillsbury-original-crescent-rolls-4-count-onz,Pillsbury,Original Crescent Rolls,Refrigerated Dough,00018000004027,2758513,1 roll,,100,1,4.5,2,12,0,3,1.99,220,56,C-,55,65,84,26,30,59,2026-06-06,https://labelgrade.com/pillsbury-original-crescent-rolls-4-count-onz
jiffy-corn-muffin-mix-51-oz,Jiffy,Corn Muffin Mix,Baking Mixes,072486002281,2018383,0.25 cup,,160,2,4.5,2,27,0.988,7,,340,55,C-,58,64,59,20,48,69,2026-06-06,https://labelgrade.com/jiffy-corn-muffin-mix-51-oz
nabisco-biscuit-company-nutter-butter-cookies,Nutter Butter,Peanut Butter Sandwich Cookies,Cookies,044000041069,540983,1 PACK,,120,2,5,2,16,0,8,,90,55,C-,62,70,30,63,30,56,2026-06-05,https://labelgrade.com/nabisco-biscuit-company-nutter-butter-cookies
snyders-of-hanover-pieces-pretzel-jalapeno-3-5-oz-99-2-g,Snyder's of Hanover,Jalapeño Pretzel Pieces,"Chips, Pretzels & Snacks",077975028766,2077902,1 oz,,140,2,5,3,20,1.01,1,,370,54,D,61,64,92,4,55,45,2026-06-06,https://labelgrade.com/snyders-of-hanover-pieces-pretzel-jalapeno-3-5-oz-99-2-g
sun-maid-yogurt-raisins-vanilla-25-oz-709-g,Sun-Maid,Vanilla Yogurt Raisins,Dried Fruit & Raisins,041143092750,1873478,0.25 cup,,120,0.999,4,4,21,0.99,18,,15,54,D,55,75,0,100,53,37,2026-06-06,https://labelgrade.com/sun-maid-yogurt-raisins-vanilla-25-oz-709-g
hersheys-milk-chocolate-standard-bar-1-55-onz,Hershey's,Milk Chocolate Bar,Candy & Chocolate,00034000002405,2769915,1 bar,,210,3,13,8,26,0.989,25,21,34.8,53,D,61,75,0,100,46,23,2026-06-06,https://labelgrade.com/hersheys-milk-chocolate-standard-bar-1-55-onz
betty-crocker-super-moist-chocolate-fudge-cake-mix-15-25-onz,Betty Crocker,Super Moist Chocolate Fudge Cake Mix,Baking Mixes,00016000409897,2491612,1/10 package,,160,2,1.5,1,35,0.989,18,17,380,50,D,57,60,13,21,46,85,2026-06-06,https://labelgrade.com/betty-crocker-super-moist-chocolate-fudge-cake-mix-15-25-onz
sweet-baby-rays-barbecue-sauce-18-oz-510-g,Sweet Baby Ray's,Original Barbecue Sauce,Condiments & Sauces,013409515839,2013494,2 Tbsp,,69.8,0,0,0,17,0,15,,280,50,D,50,64,8,26,30,100,2026-06-05,https://labelgrade.com/sweet-baby-rays-barbecue-sauce-18-oz-510-g
